universe	signal	sequence	category	n	med	avg	fail	big_win	win	seq
SP500	T1	ALL	BASELINE	7517	0.403	0.718	16.4	21.3	53.3	
SP500	T1	Z2G|T1|Z5	SEQ_BASELINE	23	6.286	6.467	0	65.2	87	Z2G|T1|Z5
SP500	T1	Z2G|T1|Z5	A	11	5.485	4.831	0	63.6	72.7	
SP500	T1	Z2G|T1|Z5	B	8	8.786	7.816	0	62.5	100	
SP500	T1	Z2G|T1G|Z5	SEQ_BASELINE	21	4.839	5.023	4.8	47.6	85.7	Z2G|T1G|Z5
SP500	T1	Z2G|T1G|Z5	A	5	7.653	7.3	0	60	100	
SP500	T1	Z2G|T1G|Z5	B	6	6.136	6.038	0	66.7	83.3	
SP500	T1	Z2G|T1G|Z5	B+	8	3.904	3.495	12.5	37.5	75	
SP500	T1	Z2G|Z2G|Z6	SEQ_BASELINE	29	3.401	1.904	10.3	44.8	72.4	Z2G|Z2G|Z6
SP500	T1	Z2G|Z2G|Z6	B+	20	4.244	2.715	10	50	75	
SP500	T1	Z2G|Z2G|Z6	R	5	1.509	2.221	0	40	80	
SP500	T1	Z1|Z2|Z2G	SEQ_BASELINE	23	3.128	2.757	13	30.4	56.5	Z1|Z2|Z2G
SP500	T1	Z1|Z2|Z2G	B	14	4.693	5.066	0	35.7	71.4	
SP500	T1	Z1|Z2|Z2G	R	5	-5.841	-5.157	60	0	0	
SP500	T1	Z2G|T4|Z3	SEQ_BASELINE	36	3.013	3.485	11.1	41.7	63.9	Z2G|T4|Z3
SP500	T1	Z2G|T4|Z3	A	5	3.121	4.839	0	40	80	
SP500	T1	Z2G|T4|Z3	B	13	-1.12	2.165	7.7	23.1	38.5	
SP500	T1	Z2G|T4|Z3	B+	7	7.161	5.446	14.3	57.1	71.4	
SP500	T1	Z2G|T4|Z3	R	11	5.817	3.18	18.2	54.5	81.8	
SP500	T1	T2G|T2|Z3	SEQ_BASELINE	31	2.975	2.63	12.9	25.8	61.3	T2G|T2|Z3
SP500	T1	T2G|T2|Z3	A	16	0.392	2.99	12.5	18.8	56.2	
SP500	T1	T2G|T2|Z3	B	6	4.113	4.269	0	50	83.3	
SP500	T1	T2G|T2|Z3	R	6	0.103	-0.428	33.3	16.7	50	
SP500	T1	Z1|Z2G|Z2G	SEQ_BASELINE	26	2.744	1.286	26.9	34.6	57.7	Z1|Z2G|Z2G
SP500	T1	Z1|Z2G|Z2G	B	6	1.322	0.667	33.3	33.3	50	
SP500	T1	Z1|Z2G|Z2G	B+	16	2.744	1.704	25	37.5	62.5	
SP500	T1	Z5|Z2G|Z2G	SEQ_BASELINE	44	2.718	3.473	6.8	38.6	70.5	Z5|Z2G|Z2G
SP500	T1	Z5|Z2G|Z2G	B	7	2.772	5.334	0	42.9	100	
SP500	T1	Z5|Z2G|Z2G	B+	24	3.638	3.558	8.3	41.7	58.3	
SP500	T1	Z5|Z2G|Z2G	R	7	0.332	2.019	14.3	28.6	71.4	
SP500	T1	Z2G|Z2|Z2G	SEQ_BASELINE	47	2.356	2.714	10.6	34	70.2	Z2G|Z2|Z2G
SP500	T1	Z2G|Z2|Z2G	B	32	2.347	2.146	12.5	31.2	68.8	
SP500	T1	Z2G|Z2|Z2G	B+	7	7.588	7.939	0	57.1	85.7	
SP500	T1	Z2G|Z2|Z2G	R	8	1.258	0.415	12.5	25	62.5	
SP500	T1	Z3|T4|Z9	SEQ_BASELINE	27	2.208	2.717	7.4	29.6	77.8	Z3|T4|Z9
SP500	T1	Z3|T4|Z9	A	6	2.051	3.042	0	33.3	83.3	
SP500	T1	Z3|T4|Z9	B	8	2.138	3.055	0	37.5	87.5	
SP500	T1	Z3|T4|Z9	R	9	0.227	1.264	22.2	22.2	55.6	
SP500	T2	ALL	BASELINE	11720	0.188	0.457	16.7	19.8	51.4	
SP500	T2	T1|Z5|T1	SEQ_BASELINE	20	7.882	5.995	10	60	85	T1|Z5|T1
SP500	T2	T1|Z5|T1	R	18	8.904	6.243	11.1	66.7	83.3	
SP500	T2	T5|Z4|T9	SEQ_BASELINE	22	3.6	3.959	0	40.9	81.8	T5|Z4|T9
SP500	T2	T5|Z4|T9	B	7	2.338	5.099	0	14.3	100	
SP500	T2	T5|Z4|T9	R	15	5.467	3.427	0	53.3	73.3	
SP500	T2	T1|Z5|T4	SEQ_BASELINE	25	3.428	3.381	12	40	72	T1|Z5|T4
SP500	T2	T1|Z5|T4	B+	11	4.065	3.124	18.2	45.5	72.7	
SP500	T2	T1|Z5|T4	R	14	3.12	3.583	7.1	35.7	71.4	
SP500	T2	T2G|Z4|T1	SEQ_BASELINE	23	3.352	2.098	13	30.4	78.3	T2G|Z4|T1
SP500	T2	T2G|Z4|T1	R	20	3.395	1.96	15	30	75	
SP500	T2	Z2G|Z2G|T9	SEQ_BASELINE	29	3.108	1.864	17.2	31	62.1	Z2G|Z2G|T9
SP500	T2	Z2G|Z2G|T9	B+	10	0.387	0.416	20	20	50	
SP500	T2	Z2G|Z2G|T9	R	19	3.197	2.626	15.8	36.8	68.4	
SP500	T2	Z4|T1|T2G	SEQ_BASELINE	23	2.713	2.269	17.4	34.8	82.6	Z4|T1|T2G
SP500	T2	Z4|T1|T2G	R	23	2.713	2.269	17.4	34.8	82.6	
SP500	T2	T6|T2G|T2G	SEQ_BASELINE	30	2.622	1.972	16.7	40	70	T6|T2G|T2G
SP500	T2	T6|T2G|T2G	R	29	3.187	2.007	17.2	41.4	69	
SP500	T2	T2G|Z5|T1G	SEQ_BASELINE	34	2.469	2.047	17.6	29.4	67.6	T2G|Z5|T1G
SP500	T2	T2G|Z5|T1G	B+	13	0.03	0.155	23.1	23.1	53.8	
SP500	T2	T2G|Z5|T1G	R	18	2.892	2.185	16.7	27.8	72.2	
SP500	T2	Z9|T3|T2G	SEQ_BASELINE	26	2.314	3.252	19.2	34.6	65.4	Z9|T3|T2G
SP500	T2	Z9|T3|T2G	R	25	2.147	3.19	20	36	64	
SP500	T2	Z4|T3|T2G	SEQ_BASELINE	41	2.298	3.66	12.2	36.6	61	Z4|T3|T2G
SP500	T2	Z4|T3|T2G	R	40	2.368	3.755	12.5	37.5	62.5	
SP500	T3	ALL	BASELINE	6721	0.779	1.076	16.3	23.6	55.5	
SP500	T3	Z3|T4|Z9	SEQ_BASELINE	52	6.699	7.688	0	67.3	96.2	Z3|T4|Z9
SP500	T3	Z3|T4|Z9	A	12	7.117	8.405	0	66.7	91.7	
SP500	T3	Z3|T4|Z9	B	30	6.929	7.376	0	73.3	96.7	
SP500	T3	Z3|T4|Z9	R	9	4.78	7.445	0	44.4	100	
SP500	T3	T2|Z1G|Z2G	SEQ_BASELINE	32	5.97	4.293	9.4	59.4	78.1	T2|Z1G|Z2G
SP500	T3	T2|Z1G|Z2G	B	25	6.108	5.388	8	60	80	
SP500	T3	T2|Z1G|Z2G	B+	5	5.644	2.973	0	60	80	
SP500	T3	T6|Z1G|Z2G	SEQ_BASELINE	49	5.408	6.554	2	53.1	95.9	T6|Z1G|Z2G
SP500	T3	T6|Z1G|Z2G	B	47	5.776	6.911	0	55.3	97.9	
SP500	T3	Z4|T4|Z9	SEQ_BASELINE	38	3.904	4.948	5.3	36.8	92.1	Z4|T4|Z9
SP500	T3	Z4|T4|Z9	A	5	3.939	4.665	0	20	100	
SP500	T3	Z4|T4|Z9	B	26	4.308	5.437	0	42.3	100	
SP500	T3	Z4|T4|Z9	R	5	2.795	2.125	20	20	60	
SP500	T3	T2G|T2|Z4	SEQ_BASELINE	28	2.526	2.252	10.7	28.6	64.3	T2G|T2|Z4
SP500	T3	T2G|T2|Z4	A	10	1.596	1.575	20	40	60	
SP500	T3	T2G|T2|Z4	R	15	3.661	3.647	0	20	73.3	
SP500	T3	Z2G|Z2|Z2	SEQ_BASELINE	47	2.067	1.813	14.9	19.1	68.1	Z2G|Z2|Z2
SP500	T3	Z2G|Z2|Z2	B	8	2.937	5.204	0	12.5	100	
SP500	T3	Z2G|Z2|Z2	R	38	0.866	1.018	18.4	21.1	60.5	
SP500	T3	Z2G|T3|Z3	SEQ_BASELINE	26	1.886	-0.071	19.2	19.2	61.5	Z2G|T3|Z3
SP500	T3	Z2G|T3|Z3	B	14	2.327	2.497	14.3	28.6	78.6	
SP500	T3	Z2G|T3|Z3	R	8	-1.615	-3.322	25	0	50	
SP500	T3	Z9|Z2G|Z2G	SEQ_BASELINE	27	1.857	2.468	14.8	29.6	66.7	Z9|Z2G|Z2G
SP500	T3	Z9|Z2G|Z2G	B+	22	1.289	1.219	18.2	22.7	63.6	
SP500	T3	Z2|Z2|Z2	SEQ_BASELINE	28	1.805	0.631	25	21.4	57.1	Z2|Z2|Z2
SP500	T3	Z2|Z2|Z2	R	26	2.088	0.98	23.1	23.1	61.5	
SP500	T3	T4|Z3|Z2	SEQ_BASELINE	22	1.804	2.124	9.1	22.7	63.6	T4|Z3|Z2
SP500	T3	T4|Z3|Z2	R	17	1.837	3.03	5.9	23.5	64.7	
SP500	T4	ALL	BASELINE	6738	0.538	0.854	14.7	21.2	54.5	
SP500	T4	T6|Z1G|Z2G	SEQ_BASELINE	26	7.916	6.984	0	73.1	88.5	T6|Z1G|Z2G
SP500	T4	T6|Z1G|Z2G	B	26	7.916	6.984	0	73.1	88.5	
SP500	T4	Z3|T4|Z9	SEQ_BASELINE	51	4.853	4.197	7.8	43.1	82.4	Z3|T4|Z9
SP500	T4	Z3|T4|Z9	A	17	5.633	7.712	0	58.8	94.1	
SP500	T4	Z3|T4|Z9	B	17	4.993	5.199	5.9	47.1	88.2	
SP500	T4	Z3|T4|Z9	R	16	1.425	-0.666	18.8	18.8	62.5	
SP500	T4	Z2G|T1G|Z5	SEQ_BASELINE	27	4.605	4.005	7.4	48.1	74.1	Z2G|T1G|Z5
SP500	T4	Z2G|T1G|Z5	B	5	2.666	4.943	0	20	80	
SP500	T4	Z2G|T1G|Z5	B+	14	5.649	5.957	7.1	64.3	92.9	
SP500	T4	Z2G|T1G|Z5	R	5	-2.877	-2.349	20	20	20	
SP500	T4	Z2G|T9|Z5	SEQ_BASELINE	26	4.143	5.485	3.8	42.3	69.2	Z2G|T9|Z5
SP500	T4	Z2G|T9|Z5	B	8	1.977	3.351	12.5	37.5	50	
SP500	T4	Z2G|T9|Z5	B+	11	9.89	10.505	0	72.7	90.9	
SP500	T4	Z2G|T9|Z5	R	5	0.353	-0.147	0	0	60	
SP500	T4	Z2G|T3|Z5	SEQ_BASELINE	20	4.015	1.88	20	40	70	Z2G|T3|Z5
SP500	T4	Z2G|T3|Z5	B	9	2.77	0.012	33.3	44.4	55.6	
SP500	T4	Z2G|T3|Z5	B+	6	7.251	6.197	0	50	83.3	
SP500	T4	Z2G|T1|Z5	SEQ_BASELINE	30	2.926	1.774	10	30	63.3	Z2G|T1|Z5
SP500	T4	Z2G|T1|Z5	A	13	4.167	1.937	15.4	38.5	61.5	
SP500	T4	Z2G|T1|Z5	B	11	1.258	1.584	9.1	27.3	63.6	
SP500	T4	Z5|Z2G|Z2G	SEQ_BASELINE	32	2.803	3.389	12.5	34.4	75	Z5|Z2G|Z2G
SP500	T4	Z5|Z2G|Z2G	B+	20	2.628	3.34	10	35	80	
SP500	T4	Z5|Z2G|Z2G	R	10	3.248	3.148	20	30	60	
SP500	T4	T2G|Z5|Z2G	SEQ_BASELINE	29	2.389	3.736	13.8	44.8	62.1	T2G|Z5|Z2G
SP500	T4	T2G|Z5|Z2G	B+	14	5.451	2.667	14.3	50	57.1	
SP500	T4	T2G|Z5|Z2G	R	11	1.437	2.769	18.2	27.3	63.6	
SP500	T4	Z2G|T4|Z3	SEQ_BASELINE	33	2.388	3.268	3	27.3	66.7	Z2G|T4|Z3
SP500	T4	Z2G|T4|Z3	B	14	5.758	6.704	0	50	85.7	
SP500	T4	Z2G|T4|Z3	B+	9	0.119	-0.809	11.1	0	55.6	
SP500	T4	Z2G|T4|Z3	R	6	1.365	2.509	0	16.7	50	
SP500	T4	T2G|T2G|Z1	SEQ_BASELINE	29	2.313	3.063	6.9	17.2	72.4	T2G|T2G|Z1
SP500	T4	T2G|T2G|Z1	B	5	2.686	2.158	0	0	100	
SP500	T4	T2G|T2G|Z1	R	24	2.277	3.252	8.3	20.8	66.7	
SP500	T5	ALL	BASELINE	5390	0.953	1.302	16.3	25	56.8	
SP500	T5	Z3|T4|Z9	SEQ_BASELINE	22	8.064	7.447	0	63.6	90.9	Z3|T4|Z9
SP500	T5	Z3|T4|Z9	B	13	8.336	9.372	0	84.6	100	
SP500	T5	Z3|T4|Z9	R	5	0.351	0.75	0	0	60	
SP500	T5	T6|Z1G|Z2G	SEQ_BASELINE	56	4.916	4.72	3.6	48.2	92.9	T6|Z1G|Z2G
SP500	T5	T6|Z1G|Z2G	B	53	5.203	5.021	3.8	50.9	96.2	
SP500	T5	T2|Z1|Z2G	SEQ_BASELINE	20	2.487	2.368	10	35	75	T2|Z1|Z2G
SP500	T5	T2|Z1|Z2G	B	10	0.791	2.013	10	30	60	
SP500	T5	T2|Z1G|Z2G	SEQ_BASELINE	25	2.416	3.039	8	44	72	T2|Z1G|Z2G
SP500	T5	T2|Z1G|Z2G	B	21	2.949	3.486	4.8	47.6	76.2	
SP500	T5	Z1|Z2G|Z2G	SEQ_BASELINE	24	1.853	2.552	8.3	33.3	58.3	Z1|Z2G|Z2G
SP500	T5	Z1|Z2G|Z2G	B+	22	2.271	2.91	9.1	36.4	63.6	
SP500	T5	T2G|T2G|Z3	SEQ_BASELINE	26	1.838	3.543	11.5	26.9	65.4	T2G|T2G|Z3
SP500	T5	T2G|T2G|Z3	B	17	2.085	3.773	11.8	35.3	70.6	
SP500	T5	T2G|T2G|Z3	R	6	-1.445	3.207	16.7	16.7	33.3	
SP500	T5	Z9|Z2G|Z2G	SEQ_BASELINE	22	1.723	1.143	9.1	9.1	72.7	Z9|Z2G|Z2G
SP500	T5	Z9|Z2G|Z2G	B+	16	1.723	1.296	6.2	6.2	75	
SP500	T5	T2|Z3|Z2G	SEQ_BASELINE	22	1.697	4.625	18.2	27.3	63.6	T2|Z3|Z2G
SP500	T5	T2|Z3|Z2G	B	7	1.29	-0.557	28.6	0	71.4	
SP500	T5	T2|Z3|Z2G	B+	9	0.13	8.057	0	33.3	55.6	
SP500	T5	T2G|Z4|Z2	SEQ_BASELINE	20	1.597	1.441	15	15	60	T2G|Z4|Z2
SP500	T5	T2G|Z4|Z2	R	18	1.597	1.164	11.1	11.1	61.1	
SP500	T5	Z2G|Z2|Z2G	SEQ_BASELINE	27	1.503	0.722	18.5	29.6	59.3	Z2G|Z2|Z2G
SP500	T5	Z2G|Z2|Z2G	B	19	1.503	0.461	15.8	31.6	57.9	
SP500	T5	Z2G|Z2|Z2G	R	5	3.359	5.449	0	20	80	
SP500	T6	ALL	BASELINE	3564	0.515	0.7	19.2	22.5	54	
SP500	T6	Z4|Z2|T9	SEQ_BASELINE	21	2.723	2.327	9.5	33.3	76.2	Z4|Z2|T9
SP500	T6	Z4|Z2|T9	B	12	4.7	3.374	8.3	50	83.3	
SP500	T6	Z4|Z2|T9	R	9	0.74	0.93	11.1	11.1	66.7	
SP500	T6	Z2|T1|T2G	SEQ_BASELINE	21	2.038	4.798	9.5	38.1	71.4	Z2|T1|T2G
SP500	T6	Z2|T1|T2G	R	21	2.038	4.798	9.5	38.1	71.4	
SP500	T6	Z2G|Z2|T9	SEQ_BASELINE	27	1.387	2.731	11.1	29.6	66.7	Z2G|Z2|T9
SP500	T6	Z2G|Z2|T9	B	8	2.731	3.878	12.5	37.5	62.5	
SP500	T6	Z2G|Z2|T9	R	17	1.124	2.485	11.8	29.4	70.6	
SP500	T6	T9|T2G|T2G	SEQ_BASELINE	20	1.34	0.639	15	20	65	T9|T2G|T2G
SP500	T6	T9|T2G|T2G	R	20	1.34	0.639	15	20	65	
SP500	T6	T2G|T2|T2G	SEQ_BASELINE	50	0.998	2.21	10	30	66	T2G|T2|T2G
SP500	T6	T2G|T2|T2G	R	48	1.168	2.339	10.4	31.2	66.7	
SP500	T6	Z2G|Z2G|T5	SEQ_BASELINE	22	0.876	-0.898	18.2	13.6	54.5	Z2G|Z2G|T5
SP500	T6	Z2G|Z2G|T5	B+	14	0.876	-2.352	28.6	14.3	57.1	
SP500	T6	Z2G|Z2G|T5	R	6	0.312	0.622	0	0	50	
SP500	T6	T1|T2G|T2G	SEQ_BASELINE	21	0.621	0.558	9.5	33.3	52.4	T1|T2G|T2G
SP500	T6	T1|T2G|T2G	R	21	0.621	0.558	9.5	33.3	52.4	
SP500	T6	T2G|T2G|T2G	SEQ_BASELINE	42	0.324	0.709	16.7	19	54.8	T2G|T2G|T2G
SP500	T6	T2G|T2G|T2G	R	41	0.198	0.519	17.1	17.1	53.7	
SP500	T6	T2|T2G|T2G	SEQ_BASELINE	33	-0.359	0.905	24.2	24.2	45.5	T2|T2G|T2G
SP500	T6	T2|T2G|T2G	R	32	-0.231	1.097	21.9	25	46.9	
SP500	T6	Z2G|T1|T2G	SEQ_BASELINE	30	-0.463	0.298	20	26.7	43.3	Z2G|T1|T2G
SP500	T6	Z2G|T1|T2G	R	27	-0.515	0.724	18.5	29.6	44.4	
SP500	T9	ALL	BASELINE	7099	0.62	0.804	14.9	21.6	55	
SP500	T9	Z3|T4|Z9	SEQ_BASELINE	22	4.995	5.328	0	50	86.4	Z3|T4|Z9
SP500	T9	Z3|T4|Z9	A	7	5.199	7.007	0	57.1	100	
SP500	T9	Z3|T4|Z9	B	8	5.454	6.431	0	62.5	100	
SP500	T9	Z3|T4|Z9	R	5	2.462	3.676	0	40	60	
SP500	T9	T3|T2G|Z4	SEQ_BASELINE	25	4.538	4.268	4	48	68	T3|T2G|Z4
SP500	T9	T3|T2G|Z4	B	11	6.518	5.053	0	54.5	81.8	
SP500	T9	T3|T2G|Z4	R	13	2.083	3.969	7.7	46.2	61.5	
SP500	T9	Z4|Z2G|Z2	SEQ_BASELINE	22	3.038	4.365	4.5	36.4	77.3	Z4|Z2G|Z2
SP500	T9	Z4|Z2G|Z2	R	20	3.663	4.711	5	40	75	
SP500	T9	Z2G|T5|Z4	SEQ_BASELINE	27	2.736	3.793	18.5	25.9	74.1	Z2G|T5|Z4
SP500	T9	Z2G|T5|Z4	B+	8	1.766	1.485	25	12.5	62.5	
SP500	T9	Z2G|T5|Z4	R	15	4.305	5.967	13.3	40	80	
SP500	T9	Z5|Z2G|Z2G	SEQ_BASELINE	23	2.565	3.667	4.3	39.1	73.9	Z5|Z2G|Z2G
SP500	T9	Z5|Z2G|Z2G	B	5	4.166	3.592	0	40	80	
SP500	T9	Z5|Z2G|Z2G	B+	15	2.215	3.056	6.7	33.3	66.7	
SP500	T9	Z2G|Z2G|Z2	SEQ_BASELINE	58	2.333	1.425	12.1	22.4	60.3	Z2G|Z2G|Z2
SP500	T9	Z2G|Z2G|Z2	R	52	2.333	1.311	13.5	21.2	59.6	
SP500	T9	T1|Z5|Z2G	SEQ_BASELINE	20	2.267	2.139	10	35	70	T1|Z5|Z2G
SP500	T9	T1|Z5|Z2G	B+	18	3.335	2.287	11.1	38.9	66.7	
SP500	T9	T2|Z3|Z2G	SEQ_BASELINE	25	2.017	0.647	28	20	60	T2|Z3|Z2G
SP500	T9	T2|Z3|Z2G	B+	17	1.715	1.449	23.5	23.5	58.8	
SP500	T9	Z2G|Z2G|Z6	SEQ_BASELINE	26	1.997	3.972	11.5	30.8	73.1	Z2G|Z2G|Z6
SP500	T9	Z2G|Z2G|Z6	B+	19	1.842	3.372	15.8	26.3	63.2	
SP500	T9	Z4|Z2|Z2G	SEQ_BASELINE	28	1.991	3.882	3.6	28.6	71.4	Z4|Z2|Z2G
SP500	T9	Z4|Z2|Z2G	B	22	2.621	5.244	0	36.4	77.3	
SP500	T9	Z4|Z2|Z2G	R	5	0.19	-1.013	20	0	60	
SP500	T10	ALL	BASELINE	3320	0.228	0.591	16.8	21	52.4	
SP500	T10	T1|T2G|T2G	SEQ_BASELINE	25	2.414	1.225	20	36	68	T1|T2G|T2G
SP500	T10	T1|T2G|T2G	R	25	2.414	1.225	20	36	68	
SP500	T10	T2G|T2|T2	SEQ_BASELINE	23	0.793	1.019	8.7	30.4	52.2	T2G|T2|T2
SP500	T10	T2G|T2|T2	R	23	0.793	1.019	8.7	30.4	52.2	
SP500	T10	T2|T2G|T2G	SEQ_BASELINE	21	0.503	2.324	4.8	28.6	57.1	T2|T2G|T2G
SP500	T10	T2|T2G|T2G	R	21	0.503	2.324	4.8	28.6	57.1	
SP500	T10	T9|T2G|T2G	SEQ_BASELINE	25	0.075	-0.549	28	28	52	T9|T2G|T2G
SP500	T10	T9|T2G|T2G	R	25	0.075	-0.549	28	28	52	
SP500	T10	Z2|T9|T2G	SEQ_BASELINE	20	-0.097	1.603	25	20	50	Z2|T9|T2G
SP500	T10	Z2|T9|T2G	R	20	-0.097	1.603	25	20	50	
SP500	T10	T3|T2G|T2G	SEQ_BASELINE	29	-0.103	0.459	10.3	17.2	41.4	T3|T2G|T2G
SP500	T10	T3|T2G|T2G	R	28	-0.089	0.495	10.7	17.9	42.9	
SP500	T10	T2G|T2G|T2G	SEQ_BASELINE	36	-0.111	-0.391	13.9	13.9	47.2	T2G|T2G|T2G
SP500	T10	T2G|T2G|T2G	R	36	-0.111	-0.391	13.9	13.9	47.2	
SP500	T10	T2G|T2G|T2	SEQ_BASELINE	35	-0.43	1.09	17.1	20	45.7	T2G|T2G|T2
SP500	T10	T2G|T2G|T2	R	35	-0.43	1.09	17.1	20	45.7	
SP500	T10	T2G|T2|T2G	SEQ_BASELINE	22	-0.474	-0.104	18.2	22.7	45.5	T2G|T2|T2G
SP500	T10	T2G|T2|T2G	R	22	-0.474	-0.104	18.2	22.7	45.5	
SP500	T10	Z2G|T1|T2G	SEQ_BASELINE	25	-1.768	-0.941	12	16	32	Z2G|T1|T2G
SP500	T10	Z2G|T1|T2G	R	25	-1.768	-0.941	12	16	32	
SP500	T11	ALL	BASELINE	1389	0.868	1.863	15.7	28.9	56.2	
SP500	T12	ALL	BASELINE	1902	0.953	1.357	16.5	26	56	
SP500	T12	T2G|T2G|T2G	SEQ_BASELINE	28	2.422	6.79	14.3	32.1	57.1	T2G|T2G|T2G
SP500	T12	T2G|T2G|T2G	R	26	1.552	4.643	15.4	26.9	53.8	
SP500	T12	T2G|T2G|T10	SEQ_BASELINE	20	1.843	2.103	20	30	65	T2G|T2G|T10
SP500	T12	T2G|T2G|T10	R	16	2.272	2.354	25	31.2	68.8	
SP500	Z1	ALL	BASELINE	6451	0.406	0.546	16.5	20.5	53.2	
SP500	Z1	T4|T2|T2G	SEQ_BASELINE	26	3.639	4.195	7.7	46.2	73.1	T4|T2|T2G
SP500	Z1	T4|T2|T2G	R	26	3.639	4.195	7.7	46.2	73.1	
SP500	Z1	Z2G|Z2|T9	SEQ_BASELINE	21	3.264	2.468	14.3	38.1	61.9	Z2G|Z2|T9
SP500	Z1	Z2G|Z2|T9	B	7	3.264	2.693	14.3	42.9	71.4	
SP500	Z1	Z2G|Z2|T9	R	14	2.403	2.356	14.3	35.7	57.1	
SP500	Z1	T1|T2G|T2	SEQ_BASELINE	26	2.746	1.676	11.5	19.2	65.4	T1|T2G|T2
SP500	Z1	T1|T2G|T2	R	26	2.746	1.676	11.5	19.2	65.4	
SP500	Z1	Z2G|T1|T2G	SEQ_BASELINE	27	2.467	1.618	22.2	33.3	55.6	Z2G|T1|T2G
SP500	Z1	Z2G|T1|T2G	R	26	2.039	1.585	23.1	34.6	53.8	
SP500	Z1	T3|T2|T2	SEQ_BASELINE	21	2.404	1.698	19	19	61.9	T3|T2|T2
SP500	Z1	T3|T2|T2	R	21	2.404	1.698	19	19	61.9	
SP500	Z1	Z2G|T1|T2	SEQ_BASELINE	26	1.662	2.092	19.2	19.2	61.5	Z2G|T1|T2
SP500	Z1	Z2G|T1|T2	R	26	1.662	2.092	19.2	19.2	61.5	
SP500	Z1	Z2G|T1G|T2	SEQ_BASELINE	20	1.491	2.71	10	30	70	Z2G|T1G|T2
SP500	Z1	Z2G|T1G|T2	R	20	1.491	2.71	10	30	70	
SP500	Z1	T2G|T2G|T2G	SEQ_BASELINE	82	1.466	1.402	20.7	24.4	59.8	T2G|T2G|T2G
SP500	Z1	T2G|T2G|T2G	R	81	1.449	1.238	21	23.5	59.3	
SP500	Z1	T4|T2G|T2G	SEQ_BASELINE	32	1.374	2.315	0	21.9	62.5	T4|T2G|T2G
SP500	Z1	T4|T2G|T2G	R	32	1.374	2.315	0	21.9	62.5	
SP500	Z1	Z2|Z2G|T3	SEQ_BASELINE	23	1.374	-1.315	26.1	13	52.2	Z2|Z2G|T3
SP500	Z1	Z2|Z2G|T3	R	19	-0.139	-1.973	26.3	10.5	47.4	
SP500	Z1G	ALL	BASELINE	5550	0.631	1.15	15.9	24.1	54.8	
SP500	Z1G	Z2G|Z2G|T1G	SEQ_BASELINE	24	2.878	3.815	8.3	41.7	66.7	Z2G|Z2G|T1G
SP500	Z1G	Z2G|Z2G|T1G	R	16	2.878	3.997	0	37.5	68.8	
SP500	Z1G	T2G|T2G|T10	SEQ_BASELINE	28	2.722	3.43	10.7	35.7	75	T2G|T2G|T10
SP500	Z1G	T2G|T2G|T10	B	5	7.109	3.07	20	60	80	
SP500	Z1G	T2G|T2G|T10	R	21	2.076	2.645	9.5	28.6	71.4	
SP500	Z1G	T2G|T6|T10	SEQ_BASELINE	22	2.533	2.965	0	40.9	72.7	T2G|T6|T10
SP500	Z1G	T2G|t6|T10	R	12	0.843	1.838	0	25	58.3	
SP500	Z1G	Z2G|T9|T2G	SEQ_BASELINE	23	2.277	1.869	8.7	17.4	65.2	Z2G|T9|T2G
SP500	Z1G	Z2G|T9|T2G	R	22	2.402	2.063	9.1	18.2	68.2	
SP500	Z1G	Z2G|Z2G|T5	SEQ_BASELINE	26	1.99	3.22	7.7	30.8	73.1	Z2G|Z2G|T5
SP500	Z1G	Z2G|Z2G|T5	B+	14	1.125	1.663	14.3	14.3	64.3	
SP500	Z1G	Z2G|Z2G|T5	R	9	2.391	4.723	0	44.4	88.9	
SP500	Z1G	T2G|T2|T2	SEQ_BASELINE	32	1.869	1.768	9.4	37.5	62.5	T2G|T2|T2
SP500	Z1G	T2G|T2|T2	R	32	1.869	1.768	9.4	37.5	62.5	
SP500	Z1G	T2G|T2G|T2	SEQ_BASELINE	27	1.79	1.533	7.4	18.5	55.6	T2G|T2G|T2
SP500	Z1G	T2G|T2G|T2	R	27	1.79	1.533	7.4	18.5	55.6	
SP500	Z1G	T1|T2|T2G	SEQ_BASELINE	25	1.528	2.926	8	28	60	T1|T2|T2G
SP500	Z1G	T1|T2|T2G	R	23	0.903	2.72	8.7	26.1	56.5	
SP500	Z1G	Z2G|T3|T2G	SEQ_BASELINE	29	1.345	1.394	13.8	31	58.6	Z2G|T3|T2G
SP500	Z1G	Z2G|T3|T2G	R	26	1.765	1.326	15.4	30.8	57.7	
SP500	Z1G	T4|T2G|T2	SEQ_BASELINE	24	1.244	0.611	16.7	16.7	66.7	T4|T2G|T2
SP500	Z1G	T4|T2G|T2	R	24	1.244	0.611	16.7	16.7	66.7	
SP500	Z2	ALL	BASELINE	10763	0.634	0.776	15	21.2	56	
SP500	Z2	Z5|Z2G|Z2G	SEQ_BASELINE	42	8.277	6.423	7.1	52.4	83.3	Z5|Z2G|Z2G
SP500	Z2	Z5|Z2G|Z2G	B	9	10.453	6.962	11.1	66.7	77.8	
SP500	Z2	Z5|Z2G|Z2G	B+	26	8.839	7.33	7.7	57.7	84.6	
SP500	Z2	Z2|Z10|Z6	SEQ_BASELINE	20	5.061	3.429	10	50	70	Z2|Z10|Z6
SP500	Z2	Z2|Z10|Z6	B	12	3.504	3.142	8.3	41.7	66.7	
SP500	Z2	Z1G|Z2G|Z2G	SEQ_BASELINE	21	4.028	2.913	14.3	42.9	71.4	Z1G|Z2G|Z2G
SP500	Z2	Z1G|Z2G|Z2G	B+	17	4.028	3.601	11.8	47.1	76.5	
SP500	Z2	Z1G|Z2|Z2G	SEQ_BASELINE	25	3.267	3.778	4	28	76	Z1G|Z2|Z2G
SP500	Z2	Z1G|Z2|Z2G	B	21	3.354	4.337	4.8	33.3	76.2	
SP500	Z2	T9|T2|Z3	SEQ_BASELINE	29	2.722	1.912	10.3	37.9	69	T9|T2|Z3
SP500	Z2	T9|T2|Z3	A	11	4.937	4.087	0	45.5	81.8	
SP500	Z2	T9|T2|Z3	R	13	2.607	1.52	7.7	30.8	61.5	
SP500	Z2	Z1|Z2G|Z2G	SEQ_BASELINE	32	2.569	2.5	6.2	28.1	68.8	Z1|Z2G|Z2G
SP500	Z2	Z1|Z2G|Z2G	B+	24	3.592	3.248	8.3	37.5	75	
SP500	Z2	Z1|Z2G|Z2G	R	5	-0.29	0.175	0	0	40	
SP500	Z2	Z3|Z2G|Z2G	SEQ_BASELINE	55	2.466	2.007	18.2	38.2	63.6	Z3|Z2G|Z2G
SP500	Z2	Z3|Z2G|Z2G	B	5	5.457	5.951	0	60	80	
SP500	Z2	Z3|Z2G|Z2G	B+	39	2.544	2.208	15.4	38.5	69.2	
SP500	Z2	Z3|Z2G|Z2G	R	9	-4.089	-3.456	44.4	22.2	33.3	
SP500	Z2	T9|T6|Z3	SEQ_BASELINE	27	2.403	2.647	14.8	29.6	63	T9|T6|Z3
SP500	Z2	T9|T6|Z3	A	7	0.969	-0.214	28.6	14.3	57.1	
SP500	Z2	T9|T6|Z3	B+	8	1.563	3.194	12.5	37.5	50	
SP500	Z2	T9|T6|Z3	R	11	4.505	4.231	9.1	36.4	72.7	
SP500	Z2	T2G|Z1|Z2G	SEQ_BASELINE	38	2.364	1.634	13.2	23.7	71.1	T2G|Z1|Z2G
SP500	Z2	T2G|Z1|Z2G	B	15	1.36	0.254	13.3	6.7	66.7	
SP500	Z2	T2G|Z1|Z2G	B+	10	4.491	3.84	0	50	80	
SP500	Z2	Z11|Z2G|Z2G	SEQ_BASELINE	24	2.214	3.324	8.3	25	75	Z11|Z2G|Z2G
SP500	Z2	Z11|Z2G|Z2G	B+	16	2.718	3.985	12.5	31.2	75	
SP500	Z2G	ALL	BASELINE	15791	0.877	1.167	14.6	23.8	57	
SP500	Z2G	T3|Z5|Z2G	SEQ_BASELINE	49	6.808	6.256	4.1	65.3	87.8	T3|Z5|Z2G
SP500	Z2G	T3|Z5|Z2G	B+	19	6.871	7.848	0	68.4	94.7	
SP500	Z2G	T3|Z5|Z2G	R	26	7.272	5.756	7.7	69.2	84.6	
SP500	Z2G	T4|Z5|Z2G	SEQ_BASELINE	33	5.972	5.757	6.1	54.5	69.7	T4|Z5|Z2G
SP500	Z2G	T4|Z5|Z2G	B+	26	7.391	6.513	7.7	61.5	73.1	
SP500	Z2G	T4|Z5|Z2G	R	6	2.524	3.482	0	33.3	66.7	
SP500	Z2G	Z2G|Z2G|Z11	SEQ_BASELINE	26	5.818	6.175	3.8	69.2	80.8	Z2G|Z2G|Z11
SP500	Z2G	Z2G|Z2G|Z11	B+	11	6.71	9.008	0	90.9	90.9	
SP500	Z2G	Z2G|Z2G|Z11	R	14	5.164	4.718	7.1	57.1	78.6	
SP500	Z2G	T2G|Z3|Z11	SEQ_BASELINE	20	4.868	3.502	10	50	70	T2G|Z3|Z11
SP500	Z2G	T2G|Z3|Z11	B+	9	5.214	7.479	0	66.7	88.9	
SP500	Z2G	T2G|Z3|Z11	R	9	0.184	0.29	22.2	44.4	55.6	
SP500	Z2G	T1G|T2G|Z1G	SEQ_BASELINE	28	4.668	5.113	10.7	46.4	67.9	T1G|T2G|Z1G
SP500	Z2G	T1G|T2G|Z1G	B	11	5.128	5.165	9.1	54.5	63.6	
SP500	Z2G	T1G|T2G|Z1G	R	14	4.19	4.462	14.3	35.7	71.4	
SP500	Z2G	T2G|T6|Z1G	SEQ_BASELINE	31	4.641	3.419	6.5	38.7	67.7	T2G|T6|Z1G
SP500	Z2G	T2G|T6|Z1G	R	29	4.641	3.417	6.9	37.9	65.5	
SP500	Z2G	Z1G|Z11|Z2G	SEQ_BASELINE	20	4.504	5.062	5	45	75	Z1G|Z11|Z2G
SP500	Z2G	Z1G|Z11|Z2G	A	5	8.693	5.77	20	60	80	
SP500	Z2G	Z1G|Z11|Z2G	B	9	4.946	6.601	0	44.4	77.8	
SP500	Z2G	Z1G|Z11|Z2G	B+	5	1.653	1.357	0	20	60	
SP500	Z2G	Z9|T3|Z5	SEQ_BASELINE	27	4.365	5.552	0	44.4	88.9	Z9|T3|Z5
SP500	Z2G	Z9|T3|Z5	B	19	4.65	6.416	0	47.4	100	
SP500	Z2G	Z2G|T1G|Z1G	SEQ_BASELINE	24	3.807	2.208	8.3	29.2	62.5	Z2G|T1G|Z1G
SP500	Z2G	Z2G|T1G|Z1G	B	7	3.987	2.308	14.3	42.9	57.1	
SP500	Z2G	Z2G|T1G|Z1G	R	10	-0.273	0.175	10	10	50	
SP500	Z2G	T9|Z1G|Z2	SEQ_BASELINE	24	3.674	4.127	12.5	41.7	75	T9|Z1G|Z2
SP500	Z2G	T9|Z1G|Z2	R	23	3.731	4.62	8.7	43.5	78.3	
SP500	Z3	ALL	BASELINE	7542	0.814	1.183	14.7	23.3	56.3	
SP500	Z3	Z1G|Z2G|T4	SEQ_BASELINE	36	11.953	11.675	5.6	80.6	94.4	Z1G|Z2G|T4
SP500	Z3	Z1G|Z2G|T4	B+	8	9.922	11.309	0	87.5	100	
SP500	Z3	Z1G|Z2G|T4	R	28	13.443	11.779	7.1	78.6	92.9	
SP500	Z3	Z1G|Z2G|T3	SEQ_BASELINE	79	8.861	9.136	0	81	92.4	Z1G|Z2G|T3
SP500	Z3	Z1G|Z2G|T3	B+	47	11.276	11.714	0	93.6	100	
SP500	Z3	Z1G|Z2G|T3	R	32	6.257	5.348	0	62.5	81.2	
SP500	Z3	Z1G|Z2G|T5	SEQ_BASELINE	46	7.82	7.325	2.2	80.4	93.5	Z1G|Z2G|T5
SP500	Z3	Z1G|Z2G|T5	B+	29	7.964	7.691	0	82.8	93.1	
SP500	Z3	Z1G|Z2G|T5	R	17	7.591	6.702	5.9	76.5	94.1	
SP500	Z3	Z1|Z2G|T3	SEQ_BASELINE	20	5.105	5.313	10	55	75	Z1|Z2G|T3
SP500	Z3	Z1|Z2G|T3	B+	8	10.63	7.879	12.5	75	75	
SP500	Z3	Z1|Z2G|T3	R	12	3.812	3.603	8.3	41.7	75	
SP500	Z3	Z2G|Z2|T3	SEQ_BASELINE	21	5.01	4.644	0	52.4	76.2	Z2G|Z2|T3
SP500	Z3	Z2G|Z2|T3	R	16	5.518	5.16	0	56.2	75	
SP500	Z3	T2G|Z5|T4	SEQ_BASELINE	22	3.777	3.553	9.1	31.8	72.7	T2G|Z5|T4
SP500	Z3	T2G|Z5|T4	B+	5	1.075	2.148	0	20	80	
SP500	Z3	T2G|Z5|T4	R	16	3.777	3.566	12.5	31.2	68.8	
SP500	Z3	Z2|Z2|T1	SEQ_BASELINE	27	3.286	4.468	7.4	44.4	70.4	Z2|Z2|T1
SP500	Z3	Z2|Z2|T1	R	24	3.465	4.446	4.2	45.8	70.8	
SP500	Z3	Z2G|T5|T2G	SEQ_BASELINE	32	2.978	3.894	3.1	28.1	78.1	Z2G|T5|T2G
SP500	Z3	Z2G|T5|T2G	R	32	2.978	3.894	3.1	28.1	78.1	
SP500	Z3	T4|Z9|T4	SEQ_BASELINE	21	2.83	2.952	9.5	28.6	76.2	T4|Z9|T4
SP500	Z3	T4|Z9|T4	R	18	2.754	2.372	11.1	27.8	77.8	
SP500	Z3	T3|T2|T2G	SEQ_BASELINE	22	2.463	0.762	9.1	13.6	63.6	T3|T2|T2G
SP500	Z3	T3|T2|T2G	R	22	2.463	0.762	9.1	13.6	63.6	
SP500	Z4	ALL	BASELINE	6570	0.801	1.148	14.4	23.1	56.2	
SP500	Z4	Z1G|Z2G|T5	SEQ_BASELINE	56	8.058	7.839	1.8	76.8	91.1	Z1G|Z2G|T5
SP500	Z4	Z1G|Z2G|T5	B+	42	8.497	7.96	2.4	76.2	90.5	
SP500	Z4	Z1G|Z2G|T5	R	13	8.002	7.509	0	76.9	92.3	
SP500	Z4	Z1G|Z2G|T3	SEQ_BASELINE	21	7.009	6.825	4.8	61.9	85.7	Z1G|Z2G|T3
SP500	Z4	Z1G|Z2G|T3	B+	8	9.175	10.931	0	75	100	
SP500	Z4	Z1G|Z2G|T3	R	12	5.816	4.755	8.3	58.3	83.3	
SP500	Z4	Z1|Z2G|T5	SEQ_BASELINE	24	5.043	5.899	8.3	50	87.5	Z1|Z2G|T5
SP500	Z4	Z1|Z2G|T5	B+	19	5.164	6.316	10.5	52.6	89.5	
SP500	Z4	Z3|Z2G|T5	SEQ_BASELINE	23	4.206	5.886	17.4	47.8	65.2	Z3|Z2G|T5
SP500	Z4	Z3|Z2G|T5	B+	19	4.206	7.471	10.5	47.4	68.4	
SP500	Z4	Z2G|Z2G|T3	SEQ_BASELINE	24	2.952	2.437	4.2	25	75	Z2G|Z2G|T3
SP500	Z4	Z2G|Z2G|T3	R	23	2.916	1.656	4.3	21.7	73.9	
SP500	Z4	Z2G|T1G|T2G	SEQ_BASELINE	23	2.866	4.884	13	34.8	78.3	Z2G|T1G|T2G
SP500	Z4	Z2G|T1G|T2G	R	21	4.024	5.223	14.3	38.1	76.2	
SP500	Z4	Z2G|T9|T2G	SEQ_BASELINE	35	2.547	2.411	11.4	25.7	71.4	Z2G|T9|T2G
SP500	Z4	Z2G|T9|T2G	R	33	2.372	2.195	12.1	21.2	69.7	
SP500	Z4	Z2|T3|T2G	SEQ_BASELINE	20	2.121	0.74	10	35	60	Z2|T3|T2G
SP500	Z4	Z2|T3|T2G	R	20	2.121	0.74	10	35	60	
SP500	Z4	T2G|Z1|T9	SEQ_BASELINE	30	2.048	1.599	13.3	26.7	70	T2G|Z1|T9
SP500	Z4	T2G|Z1|T9	R	26	1.762	1.205	15.4	23.1	69.2	
SP500	Z4	Z2|T1|T2G	SEQ_BASELINE	34	1.745	1.956	8.8	23.5	64.7	Z2|T1|T2G
SP500	Z4	Z2|T1|T2G	R	34	1.745	1.956	8.8	23.5	64.7	
SP500	Z5	ALL	BASELINE	6394	0.97	1.339	15.2	25.3	56.9	
SP500	Z5	T4|Z9|T5	SEQ_BASELINE	20	6.29	6.16	10	60	90	T4|Z9|T5
SP500	Z5	T4|Z9|T5	B+	7	6.484	7.619	0	57.1	100	
SP500	Z5	T4|Z9|T5	R	9	6.487	6.884	11.1	66.7	88.9	
SP500	Z5	Z5|T4|T2G	SEQ_BASELINE	22	5.006	4.651	9.1	50	68.2	Z5|T4|T2G
SP500	Z5	Z5|T4|T2G	R	21	4.83	4.481	9.5	47.6	66.7	
SP500	Z5	T4|Z9|T4	SEQ_BASELINE	48	4.693	3.909	8.3	41.7	70.8	T4|Z9|T4
SP500	Z5	T4|Z9|T4	B+	8	6.962	7.311	0	75	87.5	
SP500	Z5	T4|Z9|T4	R	38	4.595	3.198	10.5	34.2	68.4	
SP500	Z5	T4|Z9|T9	SEQ_BASELINE	24	4.682	3.78	4.2	45.8	70.8	T4|Z9|T9
SP500	Z5	T4|Z9|T9	R	24	4.682	3.78	4.2	45.8	70.8	
SP500	Z5	Z2|Z2G|T1G	SEQ_BASELINE	20	4.528	5.012	15	45	80	Z2|Z2G|T1G
SP500	Z5	Z2|Z2G|T1G	B+	6	8.063	8.343	0	66.7	100	
SP500	Z5	Z2|Z2G|T1G	R	13	4.332	3.691	23.1	38.5	69.2	
SP500	Z5	T4|Z9|T3	SEQ_BASELINE	51	4.277	5.616	2	45.1	88.2	T4|Z9|T3
SP500	Z5	T4|Z9|T3	R	47	4.135	5.619	2.1	42.6	87.2	
SP500	Z5	Z2|Z2G|T1	SEQ_BASELINE	30	3.731	2.841	13.3	36.7	66.7	Z2|Z2G|T1
SP500	Z5	Z2|Z2G|T1	R	30	3.731	2.841	13.3	36.7	66.7	
SP500	Z5	Z2G|T5|T2G	SEQ_BASELINE	23	3.298	3.573	13	39.1	73.9	Z2G|T5|T2G
SP500	Z5	Z2G|T5|T2G	R	22	3.698	3.63	13.6	40.9	72.7	
SP500	Z5	Z2G|Z2G|T9	SEQ_BASELINE	28	3.283	2.676	10.7	39.3	78.6	Z2G|Z2G|T9
SP500	Z5	Z2G|Z2G|T9	B+	12	2.301	2.88	8.3	41.7	75	
SP500	Z5	Z2G|Z2G|T9	R	15	3.247	2.316	13.3	33.3	80	
SP500	Z5	T4|Z9|T1	SEQ_BASELINE	26	3.262	3.323	7.7	46.2	80.8	T4|Z9|T1
SP500	Z5	T4|Z9|T1	R	25	3.806	3.442	8	48	80	
SP500	Z6	ALL	BASELINE	3218	1.003	1.459	14.1	25.2	58.7	
SP500	Z6	Z1G|Z2G|Z2G	SEQ_BASELINE	28	7.758	8.189	0	78.6	96.4	Z1G|Z2G|Z2G
SP500	Z6	Z1G|Z2G|Z2G	B+	19	7.565	7.983	0	78.9	100	
SP500	Z6	Z1G|Z2G|Z2G	R	6	7.895	7.913	0	66.7	83.3	
SP500	Z6	Z3|Z2G|Z2G	SEQ_BASELINE	20	3.571	5.427	5	40	75	Z3|Z2G|Z2G
SP500	Z6	Z3|Z2G|Z2G	B+	9	1.597	4.81	11.1	44.4	66.7	
SP500	Z6	Z3|Z2G|Z2G	R	8	1.855	4.597	0	25	75	
SP500	Z6	Z2G|Z2G|Z2G	SEQ_BASELINE	25	2.86	5.135	8	32	72	Z2G|Z2G|Z2G
SP500	Z6	Z2G|Z2G|Z2G	B+	14	3.304	7.199	0	35.7	85.7	
SP500	Z6	Z2G|Z2G|Z2G	R	8	1.112	2.218	25	25	50	
SP500	Z6	T2G|T2|Z9	SEQ_BASELINE	20	2.488	3.094	10	25	80	T2G|T2|Z9
SP500	Z6	T2G|T2|Z9	R	16	2.488	3.761	0	25	87.5	
SP500	Z6	Z2|Z2G|Z2G	SEQ_BASELINE	26	2.159	2.179	15.4	26.9	65.4	Z2|Z2G|Z2G
SP500	Z6	Z2|Z2G|Z2G	B+	20	3.253	2.537	20	35	65	
SP500	Z6	T2G|T2G|Z5	SEQ_BASELINE	33	0.963	-0.22	9.1	9.1	63.6	T2G|T2G|Z5
SP500	Z6	T2G|T2G|Z5	B	19	0.963	-0.195	10.5	15.8	63.2	
SP500	Z6	T2G|T2G|Z5	R	12	1.177	-0.484	8.3	0	66.7	
SP500	Z6	Z2G|Z2|Z10	SEQ_BASELINE	20	0.786	1.309	5	25	75	Z2G|Z2|Z10
SP500	Z6	Z2G|Z2|Z10	R	16	0.526	1.378	6.2	25	75	
SP500	Z6	T1|T2G|Z5	SEQ_BASELINE	21	-1.106	-2.273	38.1	14.3	47.6	T1|T2G|Z5
SP500	Z6	T1|T2G|Z5	B	11	-1.296	-2.471	45.5	18.2	45.5	
SP500	Z6	T1|T2G|Z5	R	9	-1.106	-2.515	33.3	11.1	44.4	
SP500	Z7	ALL	BASELINE	677	0.204	0.836	14.3	21.4	54.4	
SP500	Z9	ALL	BASELINE	6845	0.639	1.079	14.8	22.5	55.1	
SP500	Z9	T3|Z3|T4	SEQ_BASELINE	69	7.893	7.891	1.4	79.7	94.2	T3|Z3|T4
SP500	Z9	T3|Z3|T4	R	67	7.945	8.053	1.5	82.1	94	
SP500	Z9	T3|Z3|T1	SEQ_BASELINE	20	7.552	7.599	5	65	80	T3|Z3|T1
SP500	Z9	T3|Z3|T1	R	16	7.286	7.526	0	62.5	81.2	
SP500	Z9	T4|Z3|T4	SEQ_BASELINE	35	6.755	8.636	2.9	62.9	88.6	T4|Z3|T4
SP500	Z9	T4|Z3|T4	R	32	8.273	8.952	3.1	65.6	87.5	
SP500	Z9	T5|Z3|T4	SEQ_BASELINE	58	5.773	5.801	0	55.2	89.7	T5|Z3|T4
SP500	Z9	T5|Z3|T4	B+	5	2.713	1.446	0	0	60	
SP500	Z9	T5|Z3|T4	R	53	5.925	6.211	0	60.4	92.5	
SP500	Z9	Z2G|Z6|T4	SEQ_BASELINE	35	5.497	4.82	0	51.4	82.9	Z2G|Z6|T4
SP500	Z9	Z2G|Z6|T4	R	32	5.615	5.233	0	56.2	84.4	
SP500	Z9	T5|Z4|T4	SEQ_BASELINE	74	4.689	4.992	5.4	48.6	86.5	T5|Z4|T4
SP500	Z9	T5|Z4|T4	R	70	5.139	5.168	5.7	50	87.1	
SP500	Z9	Z2G|Z2G|T1G	SEQ_BASELINE	24	2.499	3.556	0	20.8	75	Z2G|Z2G|T1G
SP500	Z9	Z2G|Z2G|T1G	B+	9	1.654	2.534	0	33.3	66.7	
SP500	Z9	Z2G|Z2G|T1G	R	11	2.817	5.372	0	18.2	81.8	
SP500	Z9	Z2|T4|T2G	SEQ_BASELINE	20	2.134	0.227	10	25	60	Z2|T4|T2G
SP500	Z9	Z2|T4|T2G	R	20	2.134	0.227	10	25	60	
SP500	Z9	T2G|T6|T2	SEQ_BASELINE	21	1.848	1.121	14.3	19	71.4	T2G|T6|T2
SP500	Z9	T2G|T6|T2	R	21	1.848	1.121	14.3	19	71.4	
SP500	Z9	Z2G|T5|T2G	SEQ_BASELINE	30	1.777	2.829	13.3	26.7	63.3	Z2G|T5|T2G
SP500	Z9	Z2G|T5|T2G	R	29	1.791	3.088	13.8	27.6	65.5	
SP500	Z10	ALL	BASELINE	3218	0.673	0.802	14.5	21.3	56.4	
SP500	Z10	Z5|Z2G|Z2G	SEQ_BASELINE	20	5.549	6.077	0	60	80	Z5|Z2G|Z2G
SP500	Z10	Z5|Z2G|Z2G	B	6	8.118	7.669	0	83.3	100	
SP500	Z10	Z5|Z2G|Z2G	B+	10	4.778	6.448	0	50	80	
SP500	Z10	T2G|T2G|Z4	SEQ_BASELINE	28	2.041	2.795	14.3	32.1	67.9	T2G|T2G|Z4
SP500	Z10	T2G|T2G|Z4	B	12	2.041	2.132	8.3	16.7	75	
SP500	Z10	T2G|T2G|Z4	R	12	3.87	5.343	8.3	50	75	
SP500	Z10	T2G|Z3|Z2G	SEQ_BASELINE	24	1.681	2.657	4.2	29.2	66.7	T2G|Z3|Z2G
SP500	Z10	T2G|Z3|Z2G	B	6	-0.654	2.13	0	33.3	50	
SP500	Z10	T2G|Z3|Z2G	B+	16	2.3	3.258	6.2	31.2	75	
SP500	Z10	Z2G|Z2G|Z2G	SEQ_BASELINE	36	1.549	1.465	8.3	16.7	58.3	Z2G|Z2G|Z2G
SP500	Z10	Z2G|Z2G|Z2G	B+	30	1.909	1.81	6.7	16.7	63.3	
SP500	Z10	Z2|Z2G|Z2	SEQ_BASELINE	30	1.313	1.297	6.7	16.7	60	Z2|Z2G|Z2
SP500	Z10	Z2|Z2G|Z2	B+	5	-1.241	-0.245	20	20	40	
SP500	Z10	Z2|Z2G|Z2	R	24	1.313	1.474	4.2	16.7	62.5	
SP500	Z10	T2G|T2G|Z1	SEQ_BASELINE	26	1.243	1.261	11.5	30.8	57.7	T2G|T2G|Z1
SP500	Z10	T2G|T2G|Z1	B	8	1.983	1.388	12.5	25	75	
SP500	Z10	T2G|T2G|Z1	R	18	0.677	1.205	11.1	33.3	50	
SP500	Z10	Z2G|Z2|Z2G	SEQ_BASELINE	27	1.182	0.466	18.5	18.5	66.7	Z2G|Z2|Z2G
SP500	Z10	Z2G|Z2|Z2G	B	20	2.067	1.858	15	25	80	
SP500	Z10	T2G|Z1|Z2G	SEQ_BASELINE	20	0.746	0.733	20	25	60	T2G|Z1|Z2G
SP500	Z10	T2G|Z1|Z2G	B	9	0.224	1.723	11.1	33.3	55.6	
SP500	Z10	T2G|T2G|Z3	SEQ_BASELINE	25	0.077	-0.441	12	20	52	T2G|T2G|Z3
SP500	Z10	T2G|T2G|Z3	B	16	0.079	0.208	12.5	18.8	56.2	
SP500	Z10	T2G|T2G|Z3	R	9	-0.365	-1.594	11.1	22.2	44.4	
SP500	Z10	Z2G|Z2G|Z2	SEQ_BASELINE	35	0	0.472	8.6	11.4	48.6	Z2G|Z2G|Z2
SP500	Z10	Z2G|Z2G|Z2	R	33	0	0.43	9.1	12.1	48.5	
SP500	Z11	ALL	BASELINE	2874	0.625	1.081	15.1	23.9	54.5	
SP500	Z11	T2G|T2G|Z5	SEQ_BASELINE	29	-0.334	0.995	13.8	24.1	44.8	T2G|T2G|Z5
SP500	Z11	T2G|T2G|Z5	B	17	-0.74	-0.404	23.5	17.6	35.3	
SP500	Z11	T2G|T2G|Z5	R	9	2.397	4.353	0	44.4	66.7	
SP500	Z11	T2G|T2G|Z3	SEQ_BASELINE	23	-0.56	-0.665	17.4	17.4	47.8	T2G|T2G|Z3
SP500	Z11	T2G|T2G|Z3	B	15	1.239	0.392	6.7	20	53.3	
SP500	Z11	T2G|T2G|Z3	R	7	-3.281	-5.093	42.9	0	28.6	
SP500	Z12	ALL	BASELINE	121	0.424	1.218	12.4	21.5	55.4	
NASDAQ	T1	ALL	BASELINE	22081	0.145	0.777	25.7	26.7	50.9	
NASDAQ	T1	Z1G|Z2G|Z2	SEQ_BASELINE	49	5.195	5.294	18.4	53.1	73.5	Z1G|Z2G|Z2
NASDAQ	T1	Z1G|Z2G|Z2	B	15	3.273	2.936	20	46.7	66.7	
NASDAQ	T1	Z1G|Z2G|Z2	B+	7	0.866	4.452	14.3	42.9	71.4	
NASDAQ	T1	Z1G|Z2G|Z2	R	23	6.459	7.314	17.4	60.9	78.3	
NASDAQ	T1	Z2G|T5|Z4	SEQ_BASELINE	71	4.497	7.121	19.7	47.9	67.6	Z2G|T5|Z4
NASDAQ	T1	Z2G|T5|Z4	B	26	5.397	8.567	26.9	50	65.4	
NASDAQ	T1	Z2G|T5|Z4	B+	22	10.935	12.494	4.5	63.6	77.3	
NASDAQ	T1	Z2G|T5|Z4	R	17	4.497	3.378	17.6	41.2	70.6	
NASDAQ	T1	Z2G|Z2G|Z6	SEQ_BASELINE	42	3.43	0.993	23.8	40.5	61.9	Z2G|Z2G|Z6
NASDAQ	T1	Z2G|Z2G|Z6	B	23	4.036	1.938	13	47.8	69.6	
NASDAQ	T1	Z2G|Z2G|Z6	R	6	-8.203	-13.966	66.7	16.7	16.7	
NASDAQ	T1	Z6|Z2G|Z2G	SEQ_BASELINE	68	3.123	3.082	19.1	38.2	64.7	Z6|Z2G|Z2G
NASDAQ	T1	Z6|Z2G|Z2G	B	45	3.074	3.582	15.6	37.8	66.7	
NASDAQ	T1	Z6|Z2G|Z2G	R	11	3.299	-1.232	27.3	27.3	72.7	
NASDAQ	T1	T1|Z1|Z2G	SEQ_BASELINE	43	3.055	5.305	14	34.9	72.1	T1|Z1|Z2G
NASDAQ	T1	T1|Z1|Z2G	A	5	3.7	1.313	20	20	60	
NASDAQ	T1	T1|Z1|Z2G	B	12	5.159	7.35	16.7	50	83.3	
NASDAQ	T1	T1|Z1|Z2G	B+	20	3.237	5.33	15	30	75	
NASDAQ	T1	Z2G|Z2G|Z2	SEQ_BASELINE	161	3	3.569	26.7	42.9	57.1	Z2G|Z2G|Z2
NASDAQ	T1	Z2G|Z2G|Z2	B	66	3.293	6.791	21.2	47	59.1	
NASDAQ	T1	Z2G|Z2G|Z2	B+	10	-0.658	0.954	30	30	40	
NASDAQ	T1	Z2G|Z2G|Z2	R	77	3.737	1.561	28.6	42.9	61	
NASDAQ	T1	Z4|T3|Z9	SEQ_BASELINE	44	2.998	6.388	25	45.5	61.4	Z4|T3|Z9
NASDAQ	T1	Z4|T3|Z9	B	12	6.702	6.574	25	58.3	58.3	
NASDAQ	T1	Z4|T3|Z9	B+	16	2.98	11.31	25	43.8	62.5	
NASDAQ	T1	Z4|T3|Z9	R	15	0.797	-0.975	26.7	33.3	60	
NASDAQ	T1	Z3|T4|Z9	SEQ_BASELINE	71	2.444	3.852	9.9	35.2	76.1	Z3|T4|Z9
NASDAQ	T1	Z3|T4|Z9	A	44	2.808	3.904	9.1	38.6	79.5	
NASDAQ	T1	Z3|T4|Z9	B	12	1.702	3.936	16.7	25	75	
NASDAQ	T1	Z3|T4|Z9	B+	9	4.754	4.115	0	33.3	77.8	
NASDAQ	T1	Z3|T4|Z9	R	6	-0.635	2.907	16.7	33.3	50	
NASDAQ	T1	T3|T2G|Z3	SEQ_BASELINE	68	2.315	1.43	20.6	38.2	60.3	T3|T2G|Z3
NASDAQ	T1	T3|T2G|Z3	B	44	1.221	0.277	22.7	34.1	56.8	
NASDAQ	T1	T3|T2G|Z3	R	8	2.7	3.212	0	37.5	75	
NASDAQ	T1	T4|T2G|Z3	SEQ_BASELINE	53	2.036	2.57	20.8	37.7	64.2	T4|T2G|Z3
NASDAQ	T1	T4|T2G|Z3	B	45	2.308	2.965	22.2	42.2	64.4	
NASDAQ	T2	ALL	BASELINE	39972	0.046	0.476	25.3	25.6	50.2	
NASDAQ	T2	T1|Z5|T1	SEQ_BASELINE	40	5.82	4.803	17.5	52.5	72.5	T1|Z5|T1
NASDAQ	T2	T1|Z5|T1	B	6	-0.518	-2.932	50	50	50	
NASDAQ	T2	T1|Z5|T1	B+	19	5.814	6.405	10.5	52.6	78.9	
NASDAQ	T2	T1|Z5|T1	R	15	5.826	5.867	13.3	53.3	73.3	
NASDAQ	T2	T1|T2G|T6	SEQ_BASELINE	49	5.468	6.317	14.3	53.1	65.3	T1|T2G|T6
NASDAQ	T2	T1|T2G|T6	B	16	9.91	8.596	12.5	75	81.2	
NASDAQ	T2	T1|T2G|T6	R	31	1.129	5.24	12.9	41.9	58.1	
NASDAQ	T2	T1G|T2G|T6	SEQ_BASELINE	44	4.93	7.438	9.1	50	77.3	T1G|T2G|T6
NASDAQ	T2	T1G|T2G|T6	B	26	4.728	2.631	11.5	46.2	80.8	
NASDAQ	T2	T1G|T2G|T6	R	14	6.035	15.19	7.1	57.1	64.3	
NASDAQ	T2	T2G|Z5|T1	SEQ_BASELINE	55	4.289	2.311	23.6	45.5	60	T2G|Z5|T1
NASDAQ	T2	T2G|Z5|T1	B+	27	4.427	3.442	22.2	48.1	63	
NASDAQ	T2	T2G|Z5|T1	R	21	3.698	0.442	23.8	38.1	57.1	
NASDAQ	T2	Z3|Z2G|T1G	SEQ_BASELINE	45	3.67	2.37	26.7	35.6	62.2	Z3|Z2G|T1G
NASDAQ	T2	Z3|Z2G|T1G	B	24	3.653	3.001	29.2	33.3	58.3	
NASDAQ	T2	Z3|Z2G|T1G	R	10	0.464	0.221	30	30	60	
NASDAQ	T2	T2G|Z5|T1G	SEQ_BASELINE	62	3.489	2.416	17.7	43.5	67.7	T2G|Z5|T1G
NASDAQ	T2	T2G|Z5|T1G	B	5	7.478	5.219	0	60	60	
NASDAQ	T2	T2G|Z5|T1G	B+	37	3.486	3.248	13.5	40.5	75.7	
NASDAQ	T2	T2G|Z5|T1G	R	12	1.657	1.78	33.3	41.7	50	
NASDAQ	T2	T4|Z3|T1	SEQ_BASELINE	71	3.018	4.285	16.9	38	63.4	T4|Z3|T1
NASDAQ	T2	T4|Z3|T1	B	6	5.129	6.216	0	50	100	
NASDAQ	T2	T4|Z3|T1	B+	21	1.794	0.364	23.8	38.1	57.1	
NASDAQ	T2	T4|Z3|T1	R	38	3.184	5.82	15.8	39.5	63.2	
NASDAQ	T2	T1|Z5|T4	SEQ_BASELINE	56	2.97	4.5	10.7	42.9	67.9	T1|Z5|T4
NASDAQ	T2	T1|Z5|T4	B+	26	4.245	4.555	11.5	46.2	73.1	
NASDAQ	T2	T1|Z5|T4	R	20	2.498	4.365	5	35	60	
NASDAQ	T2	T3|T2G|T2	SEQ_BASELINE	111	2.861	3.521	14.4	42.3	64.9	T3|T2G|T2
NASDAQ	T2	T3|T2G|T2	B	50	3.498	3.508	16	40	66	
NASDAQ	T2	T3|T2G|T2	R	51	2.63	3.855	13.7	45.1	60.8	
NASDAQ	T2	Z9|T3|T2G	SEQ_BASELINE	65	2.742	14.204	18.5	36.9	66.2	Z9|T3|T2G
NASDAQ	T2	Z9|T3|T2G	B	20	2.924	2.695	15	30	75	
NASDAQ	T2	Z9|T3|T2G	B+	14	4.934	4.456	14.3	50	64.3	
NASDAQ	T2	Z9|T3|T2G	R	18	0.304	0.262	27.8	27.8	55.6	
NASDAQ	T3	ALL	BASELINE	21946	0.325	0.808	25.3	28.6	51.8	
NASDAQ	T3	Z3|T4|Z9	SEQ_BASELINE	89	6.752	8.425	0	66.3	86.5	Z3|T4|Z9
NASDAQ	T3	Z3|T4|Z9	A	57	6.579	8.436	0	64.9	87.7	
NASDAQ	T3	Z3|T4|Z9	B	16	6.837	10.16	0	68.8	93.8	
NASDAQ	T3	Z3|T4|Z9	B+	6	6.218	5.357	0	66.7	66.7	
NASDAQ	T3	Z3|T4|Z9	R	10	7.427	7.43	0	70	80	
NASDAQ	T3	Z4|T4|Z9	SEQ_BASELINE	44	6.391	6.124	9.1	54.5	72.7	Z4|T4|Z9
NASDAQ	T3	Z4|T4|Z9	A	26	6.911	6.089	7.7	57.7	76.9	
NASDAQ	T3	Z4|T4|Z9	B	8	7.522	8.792	0	62.5	87.5	
NASDAQ	T3	Z4|T4|Z9	R	7	-0.75	3.037	14.3	28.6	42.9	
NASDAQ	T3	T2G|T10|Z4	SEQ_BASELINE	50	3.534	2.857	10	32	70	T2G|T10|Z4
NASDAQ	T3	T2G|T10|Z4	A	20	3.573	1.952	10	30	65	
NASDAQ	T3	T2G|T10|Z4	B	12	3.605	4.005	8.3	41.7	83.3	
NASDAQ	T3	T2G|T10|Z4	R	12	1.691	3.005	8.3	25	58.3	
NASDAQ	T3	T9|Z4|Z2G	SEQ_BASELINE	57	3.434	3.137	21.1	35.1	64.9	T9|Z4|Z2G
NASDAQ	T3	T9|Z4|Z2G	A	17	2.341	3.078	11.8	29.4	64.7	
NASDAQ	T3	T9|Z4|Z2G	B	19	2.619	0.793	26.3	31.6	57.9	
NASDAQ	T3	T9|Z4|Z2G	B+	16	4.476	6.06	18.8	43.8	75	
NASDAQ	T3	T2|Z1G|Z2G	SEQ_BASELINE	47	3.339	3.224	14.9	42.6	70.2	T2|Z1G|Z2G
NASDAQ	T3	T2|Z1G|Z2G	B	29	3.071	4.269	6.9	34.5	75.9	
NASDAQ	T3	T2|Z1G|Z2G	B+	13	5.584	1.922	30.8	61.5	61.5	
NASDAQ	T3	Z1G|Z2G|Z2G	SEQ_BASELINE	51	2.921	5.008	13.7	41.2	66.7	Z1G|Z2G|Z2G
NASDAQ	T3	Z1G|Z2G|Z2G	B	33	2.527	3.815	21.2	42.4	66.7	
NASDAQ	T3	Z1G|Z2G|Z2G	B+	6	3.164	5.667	0	33.3	66.7	
NASDAQ	T3	T4|T2G|Z4	SEQ_BASELINE	62	1.921	2.407	17.7	33.9	61.3	T4|T2G|Z4
NASDAQ	T3	T4|T2G|Z4	B	41	1.815	4.112	9.8	31.7	65.9	
NASDAQ	T3	T4|T2G|Z4	R	13	-1.764	-1.877	38.5	38.5	46.2	
NASDAQ	T3	T1|T2G|Z1	SEQ_BASELINE	47	1.864	1.754	25.5	36.2	57.4	T1|T2G|Z1
NASDAQ	T3	T1|T2G|Z1	B	37	1.802	2.199	24.3	32.4	56.8	
NASDAQ	T3	T1|T2G|Z1	R	6	8.171	7.033	16.7	50	66.7	
NASDAQ	T3	T9|T2G|Z3	SEQ_BASELINE	44	1.835	1.54	20.5	27.3	63.6	T9|T2G|Z3
NASDAQ	T3	T9|T2G|Z3	B	34	2.059	2.518	14.7	29.4	67.6	
NASDAQ	T3	Z4|Z2G|Z2	SEQ_BASELINE	52	1.831	4.535	11.5	23.1	59.6	Z4|Z2G|Z2
NASDAQ	T3	Z4|Z2G|Z2	B	28	-0.631	-0.72	17.9	14.3	46.4	
NASDAQ	T3	Z4|Z2G|Z2	R	21	3.386	11.257	4.8	33.3	71.4	
NASDAQ	T4	ALL	BASELINE	27621	0.099	0.516	23	24.2	51	
NASDAQ	T4	T9|T2G|Z3	SEQ_BASELINE	43	4.122	4.254	14	39.5	69.8	T9|T2G|Z3
NASDAQ	T4	T9|T2G|Z3	B	32	4.093	5.115	12.5	40.6	71.9	
NASDAQ	T4	T3|T2|Z5	SEQ_BASELINE	43	3.792	2.986	9.3	41.9	72.1	T3|T2|Z5
NASDAQ	T4	T3|T2|Z5	A	9	1.389	2.247	11.1	33.3	55.6	
NASDAQ	T4	T3|T2|Z5	B	13	5.882	1.649	7.7	53.8	84.6	
NASDAQ	T4	T3|T2|Z5	B+	5	1.584	1.249	0	0	80	
NASDAQ	T4	T3|T2|Z5	R	11	8.787	7.781	9.1	63.6	72.7	
NASDAQ	T4	Z2G|T4|Z5	SEQ_BASELINE	62	3.729	2.973	11.3	46.8	69.4	Z2G|T4|Z5
NASDAQ	T4	Z2G|T4|Z5	A	16	2.862	3.239	12.5	37.5	62.5	
NASDAQ	T4	Z2G|T4|Z5	B	20	5.217	5.286	5	50	80	
NASDAQ	T4	Z2G|T4|Z5	B+	14	6.239	4.187	7.1	64.3	85.7	
NASDAQ	T4	Z2G|T4|Z5	R	11	-1.774	-3.742	27.3	27.3	36.4	
NASDAQ	T4	Z2G|T3|Z5	SEQ_BASELINE	44	3.205	9.407	11.4	38.6	63.6	Z2G|T3|Z5
NASDAQ	T4	Z2G|T3|Z5	B	10	5.954	29.277	30	50	60	
NASDAQ	T4	Z2G|T3|Z5	B+	19	4.885	5.817	0	47.4	68.4	
NASDAQ	T4	Z2G|T3|Z5	R	9	2.969	2.672	0	22.2	66.7	
NASDAQ	T4	T1|T2|Z9	SEQ_BASELINE	75	3.182	4.93	14.7	38.7	61.3	T1|T2|Z9
NASDAQ	T4	T1|T2|Z9	A	23	4.899	4.998	17.4	47.8	65.2	
NASDAQ	T4	T1|T2|Z9	B	25	4.279	9.483	4	44	68	
NASDAQ	T4	T1|T2|Z9	R	19	2.461	2.477	15.8	31.6	63.2	
NASDAQ	T4	T9|T2G|Z5	SEQ_BASELINE	67	2.649	2.924	13.4	38.8	62.7	T9|T2G|Z5
NASDAQ	T4	T9|T2G|Z5	B	35	1.47	0.674	14.3	25.7	54.3	
NASDAQ	T4	T9|T2G|Z5	R	22	5.907	6.871	13.6	59.1	72.7	
NASDAQ	T4	Z2G|T5|Z3	SEQ_BASELINE	87	2.647	4.938	5.7	27.6	66.7	Z2G|T5|Z3
NASDAQ	T4	Z2G|T5|Z3	B	40	2.523	3.886	5	27.5	65	
NASDAQ	T4	Z2G|T5|Z3	B+	38	2.107	6.298	5.3	26.3	65.8	
NASDAQ	T4	Z2G|T5|Z3	R	5	4.74	2.961	0	20	80	
NASDAQ	T4	T2|Z1|Z2	SEQ_BASELINE	43	2.608	4.084	11.6	39.5	65.1	T2|Z1|Z2
NASDAQ	T4	T2|Z1|Z2	B+	7	2.481	5.494	0	42.9	71.4	
NASDAQ	T4	T2|Z1|Z2	R	29	2.608	4.16	13.8	37.9	65.5	
NASDAQ	T4	T5|T6|Z3	SEQ_BASELINE	68	2.444	2.656	8.8	32.4	67.6	T5|T6|Z3
NASDAQ	T4	T5|T6|Z3	A	13	1.206	1.93	15.4	30.8	61.5	
NASDAQ	T4	T5|T6|Z3	B+	33	2.269	2.875	3	33.3	69.7	
NASDAQ	T4	Z3|T4|Z9	SEQ_BASELINE	85	2.395	3.603	15.3	38.8	69.4	Z3|T4|Z9
NASDAQ	T4	Z3|T4|Z9	A	51	4.388	5.394	9.8	45.1	78.4	
NASDAQ	T4	Z3|T4|Z9	B	20	1.596	-0.553	15	30	65	
NASDAQ	T4	Z3|T4|Z9	B+	7	0.641	9.093	14.3	42.9	57.1	
NASDAQ	T4	Z3|T4|Z9	R	5	-5.612	-3.669	60	20	20	
NASDAQ	T5	ALL	BASELINE	19200	0.329	0.871	23.5	27	53.2	
NASDAQ	T5	Z3|T4|Z9	SEQ_BASELINE	67	7.376	6.247	11.9	56.7	80.6	Z3|T4|Z9
NASDAQ	T5	Z3|T4|Z9	A	29	4.911	3.839	13.8	48.3	79.3	
NASDAQ	T5	Z3|T4|Z9	B	12	3.025	8.439	25	50	58.3	
NASDAQ	T5	Z3|T4|Z9	B+	11	8.716	7.245	0	72.7	90.9	
NASDAQ	T5	Z3|T4|Z9	R	15	11.198	8.415	6.7	66.7	93.3	
NASDAQ	T5	Z5|T4|Z9	SEQ_BASELINE	44	5.24	4.56	11.4	56.8	81.8	Z5|T4|Z9
NASDAQ	T5	Z5|T4|Z9	A	14	7.805	6.812	7.1	71.4	85.7	
NASDAQ	T5	Z5|T4|Z9	B	20	5.729	5.924	5	60	85	
NASDAQ	T5	Z5|T4|Z9	R	8	2.871	0.336	25	37.5	75	
NASDAQ	T5	T2|Z1G|Z2G	SEQ_BASELINE	69	4.249	4.801	11.6	47.8	75.4	T2|Z1G|Z2G
NASDAQ	T5	T2|Z1G|Z2G	B	42	5.577	5.651	9.5	57.1	83.3	
NASDAQ	T5	T2|Z1G|Z2G	B+	22	3.538	5.02	9.1	40.9	72.7	
NASDAQ	T5	T2|Z1G|Z2G	R	5	-3.248	-3.294	40	0	20	
NASDAQ	T5	T6|Z1G|Z2G	SEQ_BASELINE	50	3.879	4.287	8	38	84	T6|Z1G|Z2G
NASDAQ	T5	T6|Z1G|Z2G	B	44	3.879	4.571	6.8	38.6	84.1	
NASDAQ	T5	T10|Z1G|Z2G	SEQ_BASELINE	46	3.86	3.09	19.6	37	67.4	T10|Z1G|Z2G
NASDAQ	T5	T10|Z1G|Z2G	B	20	4.666	3.153	15	30	75	
NASDAQ	T5	T10|Z1G|Z2G	B+	22	3.499	4.418	18.2	45.5	63.6	
NASDAQ	T5	Z2G|T1|Z3	SEQ_BASELINE	46	3.195	2.686	28.3	39.1	58.7	Z2G|T1|Z3
NASDAQ	T5	Z2G|T1|Z3	A	6	-2.921	-4.823	50	0	50	
NASDAQ	T5	Z2G|T1|Z3	B	18	2.846	3.259	27.8	50	55.6	
NASDAQ	T5	Z2G|T1|Z3	B+	10	7.551	7.411	30	60	70	
NASDAQ	T5	T2G|T2G|Z3	SEQ_BASELINE	86	3.193	2.75	15.1	31.4	70.9	T2G|T2G|Z3
NASDAQ	T5	T2G|T2G|Z3	B	63	3.202	2.525	19	34.9	73	
NASDAQ	T5	T2G|T2G|Z3	R	11	1.676	5.158	0	36.4	72.7	
NASDAQ	T5	T2G|Z5|Z2G	SEQ_BASELINE	53	3.158	5.171	20.8	37.7	62.3	T2G|Z5|Z2G
NASDAQ	T5	T2G|Z5|Z2G	A	6	-0.467	-3.037	33.3	16.7	33.3	
NASDAQ	T5	T2G|Z5|Z2G	B	9	6.528	6.24	22.2	55.6	66.7	
NASDAQ	T5	T2G|Z5|Z2G	B+	24	2.037	2.988	20.8	25	62.5	
NASDAQ	T5	T2G|Z5|Z2G	R	13	9.887	10.698	15.4	53.8	69.2	
NASDAQ	T5	T4|T2|Z9	SEQ_BASELINE	51	3.063	3.597	9.8	41.2	66.7	T4|T2|Z9
NASDAQ	T5	T4|T2|Z9	A	23	4.805	3.918	8.7	47.8	78.3	
NASDAQ	T5	T4|T2|Z9	B	17	1.227	4.596	5.9	35.3	58.8	
NASDAQ	T5	T4|T2|Z9	R	8	4.373	2.728	12.5	50	62.5	
NASDAQ	T5	T4|Z9|Z2G	SEQ_BASELINE	63	3.023	6.236	27	46	60.3	T4|Z9|Z2G
NASDAQ	T5	T4|Z9|Z2G	A	6	9.715	10.471	0	83.3	83.3	
NASDAQ	T5	T4|Z9|Z2G	B	25	4.994	10.22	24	48	68	
NASDAQ	T5	T4|Z9|Z2G	B+	18	-2.236	2.578	44.4	33.3	38.9	
NASDAQ	T5	T4|Z9|Z2G	R	13	2.272	0.774	23.1	38.5	61.5	
NASDAQ	T6	ALL	BASELINE	12287	0.098	0.492	24	24.3	50.9	
NASDAQ	T6	Z2|T1|T2G	SEQ_BASELINE	55	5.123	7.957	16.4	50.9	67.3	Z2|T1|T2G
NASDAQ	T6	Z2|T1|T2G	A	9	-1.429	-1.497	33.3	22.2	44.4	
NASDAQ	T6	Z2|T1|T2G	B	24	11.397	14.808	12.5	70.8	70.8	
NASDAQ	T6	Z2|T1|T2G	B+	7	8.186	10.063	0	71.4	100	
NASDAQ	T6	Z2|T1|T2G	R	8	-0.762	-1.831	37.5	12.5	37.5	
NASDAQ	T6	Z2G|Z2G|T9	SEQ_BASELINE	74	3.672	6.398	18.9	40.5	63.5	Z2G|Z2G|T9
NASDAQ	T6	Z2G|Z2G|T9	B	27	3.607	7.072	14.8	44.4	66.7	
NASDAQ	T6	Z2G|Z2G|T9	B+	8	6.618	8.09	12.5	50	75	
NASDAQ	T6	Z2G|Z2G|T9	R	37	3.072	5.124	24.3	32.4	56.8	
NASDAQ	T6	Z2|T9|T2G	SEQ_BASELINE	46	2.485	6.085	19.6	41.3	60.9	Z2|T9|T2G
NASDAQ	T6	Z2|T9|T2G	B	13	11.471	9.751	7.7	53.8	69.2	
NASDAQ	T6	Z2|T9|T2G	R	16	1.87	1.442	37.5	25	56.2	
NASDAQ	T6	T2G|T2|T2G	SEQ_BASELINE	94	2.044	7.47	18.1	34	59.6	T2G|T2|T2G
NASDAQ	T6	T2G|T2|T2G	A	22	3.112	11.756	22.7	45.5	59.1	
NASDAQ	T6	T2G|T2|T2G	B	33	2.252	8.727	18.2	33.3	69.7	
NASDAQ	T6	T2G|T2|T2G	B+	6	0.053	0.309	16.7	16.7	50	
NASDAQ	T6	T2G|T2|T2G	R	25	-0.534	6.069	12	32	48	
NASDAQ	T6	Z2G|Z2|T5	SEQ_BASELINE	51	1.661	1.072	29.4	33.3	56.9	Z2G|Z2|T5
NASDAQ	T6	Z2G|Z2|T5	A	18	1.177	0.8	22.2	16.7	55.6	
NASDAQ	T6	Z2G|Z2|T5	B	20	3.583	2.651	25	40	60	
NASDAQ	T6	Z4|T9|T2G	SEQ_BASELINE	47	1.512	5.936	23.4	42.6	57.4	Z4|T9|T2G
NASDAQ	T6	Z4|T9|T2G	A	5	-0.909	-2.065	20	0	20	
NASDAQ	T6	Z4|T9|T2G	B	15	11.725	11.331	20	66.7	73.3	
NASDAQ	T6	Z4|T9|T2G	R	14	-3.005	-3.492	42.9	21.4	35.7	
NASDAQ	T6	T2|Z9|T5	SEQ_BASELINE	42	1.463	6.098	19	23.8	64.3	T2|Z9|T5
NASDAQ	T6	T2|Z9|T5	A	5	1.462	0.72	20	20	60	
NASDAQ	T6	T2|Z9|T5	B	15	1.417	4.475	6.7	33.3	66.7	
NASDAQ	T6	T2|Z9|T5	B+	13	3.045	7.799	23.1	15.4	69.2	
NASDAQ	T6	T2|Z9|T5	R	7	0.593	13.386	28.6	28.6	57.1	
NASDAQ	T6	T9|T2G|T2G	SEQ_BASELINE	54	1.231	1.68	20.4	29.6	63	T9|T2G|T2G
NASDAQ	T6	T9|T2G|T2G	B	34	3.019	2.969	14.7	41.2	76.5	
NASDAQ	T6	T9|T2G|T2G	R	13	-1.7	-2.849	38.5	0	30.8	
NASDAQ	T6	T2G|Z1|T9	SEQ_BASELINE	43	0.992	0.416	25.6	34.9	58.1	T2G|Z1|T9
NASDAQ	T6	T2G|Z1|T9	B	7	5.226	5.279	0	57.1	85.7	
NASDAQ	T6	T2G|Z1|T9	B+	5	6.927	2.625	20	80	80	
NASDAQ	T6	T2G|Z1|T9	R	28	-1.003	-1.07	32.1	21.4	46.4	
NASDAQ	T6	Z2G|T1|T2G	SEQ_BASELINE	44	0.744	4.485	27.3	40.9	54.5	Z2G|T1|T2G
NASDAQ	T6	Z2G|T1|T2G	A	8	-0.242	3.81	25	37.5	50	
NASDAQ	T6	Z2G|T1|T2G	B	14	6.628	11.227	21.4	50	71.4	
NASDAQ	T6	Z2G|T1|T2G	B+	8	1.122	0.249	37.5	37.5	50	
NASDAQ	T6	Z2G|T1|T2G	R	7	-1.081	2.323	14.3	42.9	42.9	
NASDAQ	T9	ALL	BASELINE	24288	0.041	0.314	25.5	25.7	50.2	
NASDAQ	T9	T1G|Z3|Z2G	SEQ_BASELINE	43	3.971	1.726	30.2	46.5	62.8	T1G|Z3|Z2G
NASDAQ	T9	T1G|Z3|Z2G	A	6	3.369	8.432	16.7	50	50	
NASDAQ	T9	T1G|Z3|Z2G	B	11	2.952	-1.123	27.3	45.5	63.6	
NASDAQ	T9	T1G|Z3|Z2G	B+	20	5.029	2.065	35	50	65	
NASDAQ	T9	T1G|Z3|Z2G	R	5	3.971	5.506	20	40	80	
NASDAQ	T9	T2G|Z1G|Z2G	SEQ_BASELINE	52	3.611	7.427	21.2	42.3	67.3	T2G|Z1G|Z2G
NASDAQ	T9	T2G|Z1G|Z2G	B	17	3.561	5.366	17.6	41.2	76.5	
NASDAQ	T9	T2G|Z1G|Z2G	B+	24	10.276	13.211	12.5	58.3	70.8	
NASDAQ	T9	Z4|Z2G|Z2	SEQ_BASELINE	72	3.276	3.236	20.8	37.5	63.9	Z4|Z2G|Z2
NASDAQ	T9	Z4|Z2G|Z2	B	36	2.61	0.563	19.4	38.9	63.9	
NASDAQ	T9	Z4|Z2G|Z2	R	25	-1.074	3.952	32	24	48	
NASDAQ	T9	Z3|T4|Z9	SEQ_BASELINE	55	3.081	1.765	7.3	32.7	65.5	Z3|T4|Z9
NASDAQ	T9	Z3|T4|Z9	A	27	4.582	3.019	11.1	48.1	77.8	
NASDAQ	T9	Z3|T4|Z9	B	18	0.358	-0.372	5.6	5.6	50	
NASDAQ	T9	Z3|T4|Z9	R	7	-1.262	0.189	0	28.6	42.9	
NASDAQ	T9	T3|Z3|Z2	SEQ_BASELINE	41	2.965	4.822	17.1	36.6	68.3	T3|Z3|Z2
NASDAQ	T9	T3|Z3|Z2	B	7	15.916	11.065	14.3	71.4	85.7	
NASDAQ	T9	T3|Z3|Z2	B+	16	2.182	4.143	6.2	18.8	62.5	
NASDAQ	T9	T3|Z3|Z2	R	17	4.814	4.158	23.5	41.2	70.6	
NASDAQ	T9	T4|T2G|Z3	SEQ_BASELINE	43	2.893	2.879	16.3	20.9	60.5	T4|T2G|Z3
NASDAQ	T9	T4|T2G|Z3	B	36	1.728	2.542	19.4	19.4	55.6	
NASDAQ	T9	T3|Z4|Z2	SEQ_BASELINE	43	2.607	3.963	23.3	37.2	58.1	T3|Z4|Z2
NASDAQ	T9	T3|Z4|Z2	A	5	1.353	9.645	20	20	60	
NASDAQ	T9	T3|Z4|Z2	B	14	4.229	0.591	21.4	42.9	64.3	
NASDAQ	T9	T3|Z4|Z2	R	20	1.212	4.71	25	35	55	
NASDAQ	T9	Z1|T3|Z4	SEQ_BASELINE	42	2.396	2.283	21.4	33.3	59.5	Z1|T3|Z4
NASDAQ	T9	Z1|T3|Z4	B	19	1.322	-0.483	26.3	26.3	52.6	
NASDAQ	T9	Z1|T3|Z4	B+	16	3.506	4.064	18.8	37.5	62.5	
NASDAQ	T9	Z1|T3|Z4	R	6	3.121	4.88	16.7	33.3	66.7	
NASDAQ	T9	Z9|T4|Z3	SEQ_BASELINE	41	2.371	3.636	22	36.6	56.1	Z9|T4|Z3
NASDAQ	T9	Z9|T4|Z3	A	18	0.346	-0.187	16.7	22.2	50	
NASDAQ	T9	Z9|T4|Z3	B	17	1.323	5.627	29.4	41.2	52.9	
NASDAQ	T9	Z2|Z2G|Z6	SEQ_BASELINE	59	2.208	5.787	15.3	33.9	64.4	Z2|Z2G|Z6
NASDAQ	T9	Z2|Z2G|Z6	B	35	1.33	4.898	14.3	37.1	57.1	
NASDAQ	T9	Z2|Z2G|Z6	B+	8	3.213	2.823	12.5	25	75	
NASDAQ	T10	ALL	BASELINE	11790	0.19	0.624	22.8	25	51.8	
NASDAQ	T10	Z2G|Z2G|T1	SEQ_BASELINE	52	3.054	2.154	19.2	40.4	55.8	Z2G|Z2G|T1
NASDAQ	T10	Z2G|Z2G|T1	B	25	3.234	1.432	20	40	56	
NASDAQ	T10	Z2G|Z2G|T1	R	21	1.997	2.575	19	38.1	52.4	
NASDAQ	T10	T2G|T2|T2	SEQ_BASELINE	58	2.772	5.255	19	39.7	63.8	T2G|T2|T2
NASDAQ	T10	T2G|T2|T2	A	8	0.533	10.238	0	25	62.5	
NASDAQ	T10	T2G|T2|T2	B	10	5.146	3.046	10	50	80	
NASDAQ	T10	T2G|T2|T2	R	33	0.269	3.719	30.3	33.3	51.5	
NASDAQ	T10	Z2G|Z2G|T3	SEQ_BASELINE	42	2.599	0.743	19	35.7	66.7	Z2G|Z2G|T3
NASDAQ	T10	Z2G|Z2G|T3	B	26	2.1	-0.256	26.9	38.5	61.5	
NASDAQ	T10	Z2G|Z2G|T3	B+	5	9.469	8.295	0	60	80	
NASDAQ	T10	Z2G|Z2G|T3	R	8	0.997	-1.866	12.5	12.5	75	
NASDAQ	T10	T4|T2G|T2G	SEQ_BASELINE	48	2.118	1.824	16.7	37.5	62.5	T4|T2G|T2G
NASDAQ	T10	T4|T2G|T2G	B	36	2.118	2.593	13.9	36.1	61.1	
NASDAQ	T10	T4|T2G|T2G	R	7	6.144	11.365	0	57.1	85.7	
NASDAQ	T10	T9|T2G|T2G	SEQ_BASELINE	52	2.069	1.27	23.1	30.8	57.7	T9|T2G|T2G
NASDAQ	T10	T9|T2G|T2G	B	35	1.837	-1.243	25.7	25.7	57.1	
NASDAQ	T10	T9|T2G|T2G	R	9	4.112	9.644	11.1	44.4	66.7	
NASDAQ	T10	T1|T2|T2G	SEQ_BASELINE	46	2.005	2.768	17.4	37	58.7	T1|T2|T2G
NASDAQ	T10	T1|T2|T2G	A	13	0.889	5.271	7.7	30.8	53.8	
NASDAQ	T10	T1|T2|T2G	B	20	3.927	1.007	20	45	75	
NASDAQ	T10	T1|T2|T2G	R	8	-1.827	3.302	25	37.5	37.5	
NASDAQ	T10	T1|T2G|T2G	SEQ_BASELINE	40	1.87	5.857	15	37.5	65	T1|T2G|T2G
NASDAQ	T10	T1|T2G|T2G	B	30	1.87	6.336	16.7	36.7	63.3	
NASDAQ	T10	T1|T2G|T2G	R	6	1.874	6.793	0	33.3	83.3	
NASDAQ	T10	T2|T2G|T2G	SEQ_BASELINE	62	1.731	1.986	17.7	27.4	56.5	T2|T2G|T2G
NASDAQ	T10	T2|T2G|T2G	A	5	2.217	0.507	20	0	80	
NASDAQ	T10	T2|T2G|T2G	B	43	1.047	2.81	16.3	32.6	53.5	
NASDAQ	T10	T2|T2G|T2G	R	10	-0.321	-1.65	30	10	50	
NASDAQ	T10	T2G|T2G|T2	SEQ_BASELINE	82	1.688	3.099	13.4	28	63.4	T2G|T2G|T2
NASDAQ	T10	T2G|T2G|T2	B	44	1.688	3.628	9.1	27.3	68.2	
NASDAQ	T10	T2G|T2G|T2	R	32	1.546	3.308	18.8	31.2	59.4	
NASDAQ	T10	T2|T2G|T2	SEQ_BASELINE	59	1.457	2.608	23.7	42.4	57.6	T2|T2G|T2
NASDAQ	T10	T2|T2G|T2	B	30	1.501	3.464	13.3	40	60	
NASDAQ	T10	T2|T2G|T2	R	24	0.547	2.493	33.3	45.8	54.2	
NASDAQ	T11	ALL	BASELINE	4737	0.297	0.897	21.5	25.5	53.4	
NASDAQ	T12	ALL	BASELINE	5190	0.372	0.598	23	26.7	53.2	
NASDAQ	Z1	ALL	BASELINE	18862	0.308	0.313	25.2	27.6	51.8	
NASDAQ	Z1	Z5|T4|T2G	SEQ_BASELINE	46	4.124	4.322	10.9	47.8	71.7	Z5|T4|T2G
NASDAQ	Z1	Z5|T4|T2G	A	13	3.603	4.858	7.7	38.5	76.9	
NASDAQ	Z1	Z5|T4|T2G	B	23	7.541	5.529	8.7	56.5	78.3	
NASDAQ	Z1	Z5|T4|T2G	R	8	0.455	-0.262	25	37.5	50	
NASDAQ	Z1	T1|T2G|T2	SEQ_BASELINE	58	3.545	9.002	15.5	39.7	63.8	T1|T2G|T2
NASDAQ	Z1	T1|T2G|T2	B	34	4.042	0.872	23.5	44.1	55.9	
NASDAQ	Z1	T1|T2G|T2	R	21	4.393	23.46	0	38.1	76.2	
NASDAQ	Z1	Z3|T4|T2G	SEQ_BASELINE	40	3.163	1.151	27.5	40	62.5	Z3|T4|T2G
NASDAQ	Z1	Z3|T4|T2G	A	11	-1.704	-3.533	45.5	27.3	45.5	
NASDAQ	Z1	Z3|T4|T2G	B	16	2.832	1.819	25	43.8	62.5	
NASDAQ	Z1	Z3|T4|T2G	B+	5	4.306	5.214	0	40	100	
NASDAQ	Z1	Z3|T4|T2G	R	7	8.071	4.902	28.6	57.1	71.4	
NASDAQ	Z1	T5|T2G|T2	SEQ_BASELINE	55	2.919	-0.084	16.4	34.5	69.1	T5|T2G|T2
NASDAQ	Z1	T5|T2G|T2	B	23	2.919	3.146	8.7	34.8	78.3	
NASDAQ	Z1	T5|T2G|T2	R	24	2.451	1.038	12.5	29.2	66.7	
NASDAQ	Z1	Z2G|Z2|T3	SEQ_BASELINE	71	2.868	9.761	21.1	38	64.8	Z2G|Z2|T3
NASDAQ	Z1	Z2G|Z2|T3	A	19	2.53	10.267	10.5	26.3	63.2	
NASDAQ	Z1	Z2G|Z2|T3	B	25	8.309	8.309	32	52	64	
NASDAQ	Z1	Z2G|Z2|T3	R	16	2.205	12.813	25	18.8	62.5	
NASDAQ	Z1	Z2G|T1G|T2	SEQ_BASELINE	60	2.645	1.794	11.7	41.7	70	Z2G|T1G|T2
NASDAQ	Z1	Z2G|T1G|T2	B	24	2.841	0.587	12.5	41.7	70.8	
NASDAQ	Z1	Z2G|T1G|T2	B+	9	8.513	4.892	11.1	77.8	77.8	
NASDAQ	Z1	Z2G|T1G|T2	R	19	1.25	1.913	10.5	26.3	68.4	
NASDAQ	Z1	T4|Z9|T4	SEQ_BASELINE	46	2.48	2.305	13	32.6	60.9	T4|Z9|T4
NASDAQ	Z1	T4|Z9|T4	A	7	-2.678	-4.916	42.9	0	28.6	
NASDAQ	Z1	T4|Z9|T4	B	15	2.675	2.734	0	20	66.7	
NASDAQ	Z1	T4|Z9|T4	B+	10	0.143	0.574	10	20	50	
NASDAQ	Z1	T4|Z9|T4	R	12	8.28	6.13	16.7	66.7	75	
NASDAQ	Z1	Z1|Z2|T9	SEQ_BASELINE	40	2.403	0.79	12.5	35	55	Z1|Z2|T9
NASDAQ	Z1	Z1|Z2|T9	A	9	-0.744	-5.596	33.3	11.1	44.4	
NASDAQ	Z1	Z1|Z2|T9	B	12	4.507	4.307	8.3	50	66.7	
NASDAQ	Z1	Z1|Z2|T9	R	17	-0.889	0.859	5.9	35.3	47.1	
NASDAQ	Z1	T9|T2G|T2	SEQ_BASELINE	67	2.251	5.44	22.4	34.3	61.2	T9|T2G|T2
NASDAQ	Z1	T9|T2G|T2	B	26	2.014	6.378	19.2	34.6	61.5	
NASDAQ	Z1	T9|T2G|T2	R	36	2.356	3.938	22.2	33.3	61.1	
NASDAQ	Z1	Z2G|T1|T2	SEQ_BASELINE	73	2.181	5.089	20.5	39.7	60.3	Z2G|T1|T2
NASDAQ	Z1	Z2G|T1|T2	A	9	4.075	2.064	22.2	33.3	66.7	
NASDAQ	Z1	Z2G|T1|T2	B	20	1.501	6.861	15	40	60	
NASDAQ	Z1	Z2G|T1|T2	B+	9	11.712	6.177	22.2	55.6	66.7	
NASDAQ	Z1	Z2G|T1|T2	R	28	-0.36	3.067	28.6	28.6	50	
NASDAQ	Z1G	ALL	BASELINE	14064	0.439	1.279	24	28.2	52.9	
NASDAQ	Z1G	T2G|Z3|T5	SEQ_BASELINE	51	4.688	4.513	9.8	47.1	80.4	T2G|Z3|T5
NASDAQ	Z1G	T2G|Z3|T5	A	8	8	8.164	0	62.5	87.5	
NASDAQ	Z1G	T2G|Z3|T5	B	11	5.342	3.714	9.1	54.5	81.8	
NASDAQ	Z1G	T2G|Z3|T5	B+	24	4.268	4.482	12.5	37.5	79.2	
NASDAQ	Z1G	T2G|Z3|T5	R	8	4.686	2.053	12.5	50	75	
NASDAQ	Z1G	T5|T2G|T2G	SEQ_BASELINE	53	4.235	2.227	24.5	43.4	60.4	T5|T2G|T2G
NASDAQ	Z1G	T5|T2G|T2G	B	27	4.261	4.739	14.8	44.4	66.7	
NASDAQ	Z1G	T5|T2G|T2G	R	14	-3.205	-1.914	42.9	28.6	35.7	
NASDAQ	Z1G	T2G|T2G|T10	SEQ_BASELINE	56	3.74	6.997	14.3	42.9	76.8	T2G|T2G|T10
NASDAQ	Z1G	T2G|T2G|T10	B	38	3.127	7.337	15.8	44.7	71.1	
NASDAQ	Z1G	T2G|T2G|T10	R	16	4.275	6.396	12.5	37.5	87.5	
NASDAQ	Z1G	T1|T2|T2G	SEQ_BASELINE	57	3.612	5.466	15.8	43.9	61.4	T1|T2|T2G
NASDAQ	Z1G	T1|T2|T2G	A	17	5.713	7.668	5.9	52.9	82.4	
NASDAQ	Z1G	T1|T2|T2G	B	27	4.185	4.029	25.9	44.4	55.6	
NASDAQ	Z1G	T1|T2|T2G	R	8	-1.236	0.371	12.5	25	37.5	
NASDAQ	Z1G	T2G|Z4|T5	SEQ_BASELINE	52	3.443	3.144	7.7	36.5	73.1	T2G|Z4|T5
NASDAQ	Z1G	T2G|Z4|T5	A	5	-2.314	-1.169	0	0	20	
NASDAQ	Z1G	T2G|Z4|T5	B	26	5.019	4.013	3.8	50	84.6	
NASDAQ	Z1G	T2G|Z4|T5	B+	16	3.54	3.751	6.2	31.2	81.2	
NASDAQ	Z1G	T2G|Z4|T5	R	5	-4.643	0.999	40	20	40	
NASDAQ	Z1G	Z2|Z2|T5	SEQ_BASELINE	53	2.643	3.895	18.9	43.4	62.3	Z2|Z2|T5
NASDAQ	Z1G	Z2|Z2|T5	A	17	5.771	4.707	17.6	58.8	76.5	
NASDAQ	Z1G	Z2|Z2|T5	B	24	2.626	4.69	16.7	37.5	58.3	
NASDAQ	Z1G	T2G|T2|T2	SEQ_BASELINE	52	2.058	3.869	11.5	36.5	67.3	T2G|T2|T2
NASDAQ	Z1G	T2G|T2|T2	A	20	2.925	3.153	10	40	75	
NASDAQ	Z1G	T2G|T2|T2	B	19	0.765	1.683	10.5	26.3	63.2	
NASDAQ	Z1G	T2G|T2|T2	R	9	4.874	10.449	22.2	44.4	66.7	
NASDAQ	Z1G	Z2G|Z2G|T5	SEQ_BASELINE	73	1.928	108.127	26	42.5	57.5	Z2G|Z2G|T5
NASDAQ	Z1G	Z2G|Z2G|T5	B	45	2.407	174.401	26.7	40	60	
NASDAQ	Z1G	Z2G|Z2G|T5	B+	7	0.151	-0.955	28.6	42.9	57.1	
NASDAQ	Z1G	Z2G|Z2G|T5	R	12	-2.855	-0.385	25	33.3	33.3	
NASDAQ	Z1G	Z4|T9|T2G	SEQ_BASELINE	40	1.434	2.287	15	30	65	Z4|T9|T2G
NASDAQ	Z1G	Z4|T9|T2G	A	5	1.213	5.726	0	20	100	
NASDAQ	Z1G	Z4|T9|T2G	B	8	1.291	2.931	0	25	75	
NASDAQ	Z1G	Z4|T9|T2G	R	20	0.553	1.901	20	30	50	
NASDAQ	Z1G	Z2G|T5|T2G	SEQ_BASELINE	49	1.397	1.45	18.4	34.7	55.1	Z2G|T5|T2G
NASDAQ	Z1G	Z2G|T5|T2G	B	15	4.724	3.727	13.3	40	73.3	
NASDAQ	Z1G	Z2G|T5|T2G	B+	11	1.397	4.301	9.1	36.4	63.6	
NASDAQ	Z1G	Z2G|T5|T2G	R	22	-1.444	-0.704	22.7	31.8	40.9	
NASDAQ	Z2	ALL	BASELINE	40659	0.098	0.357	26.1	26.9	50.5	
NASDAQ	Z2	Z1|Z10|Z2G	SEQ_BASELINE	41	3.953	4.035	14.6	46.3	68.3	Z1|Z10|Z2G
NASDAQ	Z2	Z1|Z10|Z2G	A	21	2.787	1.866	23.8	42.9	66.7	
NASDAQ	Z2	Z1|Z10|Z2G	B	10	2.694	6.422	0	50	60	
NASDAQ	Z2	Z2G|Z2|Z6	SEQ_BASELINE	58	3.795	4.566	15.5	43.1	60.3	Z2G|Z2|Z6
NASDAQ	Z2	Z2G|Z2|Z6	A	21	3.518	3.051	9.5	38.1	61.9	
NASDAQ	Z2	Z2G|Z2|Z6	B	17	3.916	11.379	11.8	47.1	70.6	
NASDAQ	Z2	Z2G|Z2|Z6	R	6	0.449	-3.048	33.3	33.3	50	
NASDAQ	Z2	Z5|Z2G|Z2G	SEQ_BASELINE	124	3.564	3.399	20.2	45.2	63.7	Z5|Z2G|Z2G
NASDAQ	Z2	Z5|Z2G|Z2G	A	10	4.156	3.539	30	30	60	
NASDAQ	Z2	Z5|Z2G|Z2G	B	58	3.611	4.053	20.7	48.3	65.5	
NASDAQ	Z2	Z5|Z2G|Z2G	B+	34	4.918	5.205	17.6	50	61.8	
NASDAQ	Z2	Z5|Z2G|Z2G	R	9	0.861	-0.831	22.2	33.3	66.7	
NASDAQ	Z2	Z2G|Z10|Z2G	SEQ_BASELINE	59	3.233	2.234	18.6	35.6	62.7	Z2G|Z10|Z2G
NASDAQ	Z2	Z2G|Z10|Z2G	A	18	2.628	3.818	16.7	44.4	61.1	
NASDAQ	Z2	Z2G|Z10|Z2G	B	21	3.382	1.404	23.8	38.1	66.7	
NASDAQ	Z2	Z2G|Z10|Z2G	R	15	2.999	2.401	13.3	33.3	60	
NASDAQ	Z2	T1|Z4|Z2G	SEQ_BASELINE	50	2.996	7.659	22	42	62	T1|Z4|Z2G
NASDAQ	Z2	T1|Z4|Z2G	A	9	9.748	13.526	0	66.7	88.9	
NASDAQ	Z2	T1|Z4|Z2G	B	23	2.504	6.721	26.1	43.5	56.5	
NASDAQ	Z2	T1|Z4|Z2G	B+	15	1.076	6.125	26.7	26.7	53.3	
NASDAQ	Z2	Z3|T4|Z9	SEQ_BASELINE	65	2.835	3.499	20	41.5	64.6	Z3|T4|Z9
NASDAQ	Z2	Z3|T4|Z9	A	38	3.434	3.068	21.1	44.7	63.2	
NASDAQ	Z2	Z3|T4|Z9	B	15	2.377	5.344	13.3	46.7	73.3	
NASDAQ	Z2	Z3|T4|Z9	R	10	1.513	2.909	30	30	50	
NASDAQ	Z2	Z9|Z6|Z2G	SEQ_BASELINE	49	2.748	0.955	26.5	34.7	65.3	Z9|Z6|Z2G
NASDAQ	Z2	Z9|Z6|Z2G	B	24	-0.499	-1.963	37.5	25	50	
NASDAQ	Z2	Z9|Z6|Z2G	B+	10	12.153	11.04	10	60	90	
NASDAQ	Z2	Z9|Z6|Z2G	R	6	1.687	-3.02	16.7	33.3	66.7	
NASDAQ	Z2	T1|T2G|Z9	SEQ_BASELINE	76	2.738	2.789	25	34.2	63.2	T1|T2G|Z9
NASDAQ	Z2	T1|T2G|Z9	B	52	3.393	2.427	17.3	34.6	73.1	
NASDAQ	Z2	T1|T2G|Z9	R	20	-0.186	5.998	35	40	50	
NASDAQ	Z2	Z2|Z2|Z6	SEQ_BASELINE	66	2.717	4.752	16.7	37.9	60.6	Z2|Z2|Z6
NASDAQ	Z2	Z2|Z2|Z6	A	24	1.573	-0.253	8.3	25	62.5	
NASDAQ	Z2	Z2|Z2|Z6	B	19	8.946	6.085	5.3	57.9	73.7	
NASDAQ	Z2	Z2|Z2|Z6	R	10	-5.014	-8.465	50	30	40	
NASDAQ	Z2	Z3|Z2G|Z2G	SEQ_BASELINE	159	2.484	4.232	20.8	38.4	61.6	Z3|Z2G|Z2G
NASDAQ	Z2	Z3|Z2G|Z2G	A	5	3.774	3.308	20	40	80	
NASDAQ	Z2	Z3|Z2G|Z2G	B	100	3.286	6.587	21	45	65	
NASDAQ	Z2	Z3|Z2G|Z2G	B+	23	-1.813	-2.305	21.7	17.4	47.8	
NASDAQ	Z2	Z3|Z2G|Z2G	R	14	-0.052	-0.315	35.7	21.4	50	
NASDAQ	Z2G	ALL	BASELINE	50707	0.246	0.259	26	28	51.5	
NASDAQ	Z2G	Z3|T4|Z9	SEQ_BASELINE	103	4.449	3.986	14.6	45.6	73.8	Z3|T4|Z9
NASDAQ	Z2G	Z3|T4|Z9	A	48	4.624	4.51	12.5	45.8	79.2	
NASDAQ	Z2G	Z3|T4|Z9	B	31	2.698	2.008	22.6	35.5	58.1	
NASDAQ	Z2G	Z3|T4|Z9	B+	5	4.336	3.725	0	40	80	
NASDAQ	Z2G	Z3|T4|Z9	R	19	6.094	5.956	10.5	63.2	84.2	
NASDAQ	Z2G	T2G|Z9|Z6	SEQ_BASELINE	59	4.375	5.481	15.3	44.1	67.8	T2G|Z9|Z6
NASDAQ	Z2G	T2G|Z9|Z6	A	9	3.778	4.399	11.1	44.4	66.7	
NASDAQ	Z2G	T2G|Z9|Z6	B	17	1.854	7.355	23.5	47.1	58.8	
NASDAQ	Z2G	T2G|Z9|Z6	B+	22	4.821	5.087	9.1	45.5	77.3	
NASDAQ	Z2G	T2G|Z9|Z6	R	10	2.658	4.437	20	40	60	
NASDAQ	Z2G	Z4|T1|Z9	SEQ_BASELINE	46	3.852	4.214	26.1	43.5	63	Z4|T1|Z9
NASDAQ	Z2G	Z4|T1|Z9	A	9	6.63	6.513	22.2	55.6	66.7	
NASDAQ	Z2G	Z4|T1|Z9	B	14	4.492	2.293	35.7	42.9	64.3	
NASDAQ	Z2G	Z4|T1|Z9	B+	6	2.54	2.238	33.3	33.3	66.7	
NASDAQ	Z2G	Z4|T1|Z9	R	13	-0.079	0.568	23.1	30.8	46.2	
NASDAQ	Z2G	Z10|T4|Z3	SEQ_BASELINE	64	3.796	4.522	9.4	39.1	70.3	Z10|T4|Z3
NASDAQ	Z2G	Z10|T4|Z3	A	28	4.364	4.434	10.7	46.4	75	
NASDAQ	Z2G	Z10|T4|Z3	B	28	2.823	3.213	10.7	35.7	67.9	
NASDAQ	Z2G	T4|Z5|Z2G	SEQ_BASELINE	80	3.222	4.005	15	42.5	62.5	T4|Z5|Z2G
NASDAQ	Z2G	T4|Z5|Z2G	A	6	0.07	0.765	33.3	33.3	50	
NASDAQ	Z2G	T4|Z5|Z2G	B	14	3.049	3.864	14.3	42.9	64.3	
NASDAQ	Z2G	T4|Z5|Z2G	B+	45	4.434	5.336	11.1	48.9	68.9	
NASDAQ	Z2G	T4|Z5|Z2G	R	14	-1.368	1.328	21.4	28.6	42.9	
NASDAQ	Z2G	Z7|Z6|Z2G	SEQ_BASELINE	47	3.179	5.681	25.5	36.2	68.1	Z7|Z6|Z2G
NASDAQ	Z2G	Z7|Z6|Z2G	A	6	1.829	14.538	16.7	33.3	83.3	
NASDAQ	Z2G	Z7|Z6|Z2G	B	20	3.922	2.753	25	40	70	
NASDAQ	Z2G	Z7|Z6|Z2G	B+	8	5.283	3.052	12.5	50	87.5	
NASDAQ	Z2G	Z7|Z6|Z2G	R	10	-0.264	10.984	40	30	50	
NASDAQ	Z2G	Z9|Z6|Z2	SEQ_BASELINE	51	3.129	1.433	25.5	41.2	56.9	Z9|Z6|Z2
NASDAQ	Z2G	Z9|Z6|Z2	B	13	3.129	4.213	23.1	46.2	53.8	
NASDAQ	Z2G	Z9|Z6|Z2	R	31	1.734	-0.808	29	35.5	54.8	
NASDAQ	Z2G	T5|Z4|Z2G	SEQ_BASELINE	90	3.023	1.637	16.7	40	72.2	T5|Z4|Z2G
NASDAQ	Z2G	T5|Z4|Z2G	A	14	3.543	2.837	14.3	42.9	78.6	
NASDAQ	Z2G	T5|Z4|Z2G	B	39	1.868	-1.04	20.5	25.6	66.7	
NASDAQ	Z2G	T5|Z4|Z2G	B+	18	8.022	9.983	5.6	77.8	88.9	
NASDAQ	Z2G	T5|Z4|Z2G	R	19	1.556	-1.661	21.1	31.6	63.2	
NASDAQ	Z2G	Z9|Z6|Z2G	SEQ_BASELINE	65	2.987	1.413	24.6	38.5	61.5	Z9|Z6|Z2G
NASDAQ	Z2G	Z9|Z6|Z2G	A	7	8.282	12.653	0	71.4	71.4	
NASDAQ	Z2G	Z9|Z6|Z2G	B	32	3.646	4.198	25	43.8	65.6	
NASDAQ	Z2G	Z9|Z6|Z2G	B+	9	4.1	5.078	11.1	33.3	66.7	
NASDAQ	Z2G	Z9|Z6|Z2G	R	14	-1.522	-11.641	42.9	21.4	50	
NASDAQ	Z2G	Z2G|Z2G|Z10	SEQ_BASELINE	87	2.945	1.331	24.1	40.2	62.1	Z2G|Z2G|Z10
NASDAQ	Z2G	Z2G|Z2G|Z10	B	36	2.416	-3.54	33.3	36.1	61.1	
NASDAQ	Z2G	Z2G|Z2G|Z10	R	44	2.667	2.767	20.5	38.6	56.8	
NASDAQ	Z3	ALL	BASELINE	24075	0.422	1.137	24.7	28.6	52.4	
NASDAQ	Z3	Z1G|Z2G|T4	SEQ_BASELINE	75	8.636	7.697	8	70.7	86.7	Z1G|Z2G|T4
NASDAQ	Z3	Z1G|Z2G|T4	B	36	11.11	10.656	2.8	80.6	94.4	
NASDAQ	Z3	Z1G|Z2G|T4	B+	5	2.73	8.456	0	40	100	
NASDAQ	Z3	Z1G|Z2G|T4	R	32	6.784	3.899	15.6	62.5	75	
NASDAQ	Z3	Z1G|T5|T6	SEQ_BASELINE	82	8.417	9.521	1.2	72	90.2	Z1G|T5|T6
NASDAQ	Z3	Z1G|T5|T6	B	30	8.175	8.841	0	76.7	96.7	
NASDAQ	Z3	Z1G|T5|T6	B+	12	12.181	12.693	0	83.3	91.7	
NASDAQ	Z3	Z1G|T5|T6	R	40	8.013	9.079	2.5	65	85	
NASDAQ	Z3	Z1G|Z2G|T5	SEQ_BASELINE	78	8.415	9.309	3.8	75.6	88.5	Z1G|Z2G|T5
NASDAQ	Z3	Z1G|Z2G|T5	B	74	8.415	9.109	4.1	77	90.5	
NASDAQ	Z3	Z1G|Z2G|T3	SEQ_BASELINE	83	8.36	7.105	9.6	71.1	79.5	Z1G|Z2G|T3
NASDAQ	Z3	Z1G|Z2G|T3	B	69	8.713	8.12	5.8	75.4	84.1	
NASDAQ	Z3	Z1G|Z2G|T3	R	9	0.242	3.323	22.2	44.4	55.6	
NASDAQ	Z3	Z1|Z2G|T3	SEQ_BASELINE	42	5.41	6.233	16.7	52.4	69	Z1|Z2G|T3
NASDAQ	Z3	Z1|Z2G|T3	B	29	5.636	6.953	13.8	51.7	72.4	
NASDAQ	Z3	Z1|Z2G|T3	R	9	5.185	4.995	11.1	55.6	66.7	
NASDAQ	Z3	Z5|T4|T2	SEQ_BASELINE	40	4.014	7.413	10	47.5	72.5	Z5|T4|T2
NASDAQ	Z3	Z5|T4|T2	A	7	19.221	16.675	14.3	57.1	71.4	
NASDAQ	Z3	Z5|T4|T2	B	10	14.786	11.077	20	70	80	
NASDAQ	Z3	Z5|T4|T2	R	21	2.018	2.984	4.8	33.3	71.4	
NASDAQ	Z3	T4|Z9|T3	SEQ_BASELINE	40	3.907	3.004	15	37.5	70	T4|Z9|T3
NASDAQ	Z3	T4|Z9|T3	B	8	3.317	4.321	12.5	37.5	75	
NASDAQ	Z3	T4|Z9|T3	B+	17	3.566	1.75	11.8	29.4	64.7	
NASDAQ	Z3	T4|Z9|T3	R	14	4.79	4.145	21.4	50	78.6	
NASDAQ	Z3	Z3|Z2|T4	SEQ_BASELINE	52	3.331	4.36	21.2	36.5	57.7	Z3|Z2|T4
NASDAQ	Z3	Z3|Z2|T4	A	7	-0.116	1.727	28.6	42.9	42.9	
NASDAQ	Z3	Z3|Z2|T4	B	8	3.416	7.916	12.5	50	62.5	
NASDAQ	Z3	Z3|Z2|T4	R	33	3.284	3.522	24.2	30.3	57.6	
NASDAQ	Z3	T4|Z3|T4	SEQ_BASELINE	47	3.302	1.79	27.7	36.2	61.7	T4|Z3|T4
NASDAQ	Z3	T4|Z3|T4	B+	18	-4.061	-1.684	38.9	27.8	38.9	
NASDAQ	Z3	T4|Z3|T4	R	22	3.877	2.907	22.7	36.4	72.7	
NASDAQ	Z3	T1|Z3|T4	SEQ_BASELINE	41	3.261	6.019	9.8	41.5	65.9	T1|Z3|T4
NASDAQ	Z3	T1|Z3|T4	B+	19	1.653	5.089	15.8	31.6	63.2	
NASDAQ	Z3	T1|Z3|T4	R	22	5.768	6.823	4.5	50	68.2	
NASDAQ	Z4	ALL	BASELINE	24165	0.312	0.782	24	27.4	52.4	
NASDAQ	Z4	Z3|Z2G|T5	SEQ_BASELINE	60	7.505	8.61	18.3	60	70	Z3|Z2G|T5
NASDAQ	Z4	Z3|Z2G|T5	B	39	9.034	9.619	17.9	59	69.2	
NASDAQ	Z4	Z3|Z2G|T5	B+	7	5.796	5.258	14.3	57.1	71.4	
NASDAQ	Z4	Z3|Z2G|T5	R	5	3.856	1.087	20	40	60	
NASDAQ	Z4	Z1G|Z2G|T5	SEQ_BASELINE	104	6.854	6.158	14.4	55.8	75	Z1G|Z2G|T5
NASDAQ	Z4	Z1G|Z2G|T5	B	86	7.337	7.931	11.6	61.6	80.2	
NASDAQ	Z4	Z1G|Z2G|T5	B+	5	-2.621	1.536	20	20	40	
NASDAQ	Z4	Z5|Z2G|T5	SEQ_BASELINE	53	4.099	7.813	26.4	47.2	58.5	Z5|Z2G|T5
NASDAQ	Z4	Z5|Z2G|T5	B	34	8.479	12.57	20.6	61.8	73.5	
NASDAQ	Z4	Z5|Z2G|T5	B+	8	-4.527	-2.325	50	12.5	37.5	
NASDAQ	Z4	Z2|Z2|T1	SEQ_BASELINE	47	3.897	12.976	6.4	42.6	72.3	Z2|Z2|T1
NASDAQ	Z4	Z2|Z2|T1	A	12	5.545	5.986	8.3	50	91.7	
NASDAQ	Z4	Z2|Z2|T1	B	9	2.425	7.16	11.1	33.3	66.7	
NASDAQ	Z4	Z2|Z2|T1	R	21	2.753	20.895	4.8	42.9	66.7	
NASDAQ	Z4	T2G|Z1G|T5	SEQ_BASELINE	45	3.084	3.499	20	44.4	66.7	T2G|Z1G|T5
NASDAQ	Z4	T2G|Z1G|T5	B	18	3.584	3.762	27.8	50	66.7	
NASDAQ	Z4	T2G|Z1G|T5	B+	21	2.061	3.123	14.3	33.3	66.7	
NASDAQ	Z4	Z5|T4|T2G	SEQ_BASELINE	56	2.907	2.78	17.9	39.3	66.1	Z5|T4|T2G
NASDAQ	Z4	Z5|T4|T2G	A	15	4.125	7.854	6.7	46.7	73.3	
NASDAQ	Z4	Z5|T4|T2G	B	24	4.817	3.278	16.7	50	75	
NASDAQ	Z4	Z5|T4|T2G	R	15	2.16	-1.839	20	20	53.3	
NASDAQ	Z4	Z9|T4|T2	SEQ_BASELINE	50	2.9	1.009	22	38	62	Z9|T4|T2
NASDAQ	Z4	Z9|T4|T2	A	16	4.084	5.328	12.5	50	68.8	
NASDAQ	Z4	Z9|T4|T2	B	13	1.93	-0.088	15.4	30.8	69.2	
NASDAQ	Z4	Z9|T4|T2	R	21	0.098	-1.602	33.3	33.3	52.4	
NASDAQ	Z4	Z9|Z2G|T5	SEQ_BASELINE	51	2.65	6.573	21.6	43.1	60.8	Z9|Z2G|T5
NASDAQ	Z4	Z9|Z2G|T5	B	35	7.439	9.103	22.9	54.3	68.6	
NASDAQ	Z4	Z9|Z2G|T5	B+	7	0.947	-0.029	0	0	57.1	
NASDAQ	Z4	T3|T2|T2	SEQ_BASELINE	43	2.231	2.532	11.6	23.3	60.5	T3|T2|T2
NASDAQ	Z4	T3|T2|T2	A	8	6.12	6.287	12.5	50	87.5	
NASDAQ	Z4	T3|T2|T2	B	9	1.976	1.992	0	11.1	55.6	
NASDAQ	Z4	T3|T2|T2	R	23	2.231	2.655	8.7	21.7	60.9	
NASDAQ	Z4	T2G|Z9|T1G	SEQ_BASELINE	47	2.228	1.506	25.5	36.2	59.6	T2G|Z9|T1G
NASDAQ	Z4	T2G|Z9|T1G	A	12	-3.99	-3.166	50	33.3	41.7	
NASDAQ	Z4	T2G|Z9|T1G	B	11	1.069	0.087	18.2	27.3	63.6	
NASDAQ	Z4	T2G|Z9|T1G	B+	9	8.359	9.3	11.1	66.7	88.9	
NASDAQ	Z4	T2G|Z9|T1G	R	15	0.308	1.608	20	26.7	53.3	
NASDAQ	Z5	ALL	BASELINE	18873	0.36	1.18	23	27.9	53	
NASDAQ	Z5	T4|Z9|T5	SEQ_BASELINE	56	6.713	7.814	8.9	66.1	80.4	T4|Z9|T5
NASDAQ	Z5	T4|Z9|T5	A	6	8.144	12.77	0	83.3	100	
NASDAQ	Z5	T4|Z9|T5	B	11	6.465	14.329	9.1	63.6	72.7	
NASDAQ	Z5	T4|Z9|T5	B+	27	7.288	6.738	7.4	66.7	81.5	
NASDAQ	Z5	T4|Z9|T5	R	11	5.925	1.407	18.2	54.5	72.7	
NASDAQ	Z5	T4|Z9|T3	SEQ_BASELINE	74	5.386	5.738	9.5	54.1	81.1	T4|Z9|T3
NASDAQ	Z5	T4|Z9|T3	B	12	3.818	3.949	16.7	41.7	75	
NASDAQ	Z5	T4|Z9|T3	B+	38	6.072	6.779	5.3	63.2	86.8	
NASDAQ	Z5	T4|Z9|T3	R	22	3.137	4.775	13.6	40.9	72.7	
NASDAQ	Z5	T4|Z9|T1	SEQ_BASELINE	45	3.495	2.478	8.9	33.3	71.1	T4|Z9|T1
NASDAQ	Z5	T4|Z9|T1	B	7	0.324	-7.978	28.6	0	57.1	
NASDAQ	Z5	T4|Z9|T1	B+	15	4.463	6.324	0	46.7	93.3	
NASDAQ	Z5	T4|Z9|T1	R	20	2.679	4.029	10	40	70	
NASDAQ	Z5	T4|Z9|T9	SEQ_BASELINE	62	3.394	3.355	6.5	37.1	67.7	T4|Z9|T9
NASDAQ	Z5	T4|Z9|T9	B	8	0.493	1.665	0	25	50	
NASDAQ	Z5	T4|Z9|T9	B+	17	3.976	4.172	5.9	47.1	70.6	
NASDAQ	Z5	T4|Z9|T9	R	36	3.971	3.37	8.3	36.1	69.4	
NASDAQ	Z5	Z1|T9|T2G	SEQ_BASELINE	45	2.874	6.034	15.6	35.6	64.4	Z1|T9|T2G
NASDAQ	Z5	Z1|T9|T2G	A	13	-0.893	0.186	23.1	23.1	46.2	
NASDAQ	Z5	Z1|T9|T2G	B	15	3.114	5.839	6.7	40	73.3	
NASDAQ	Z5	Z1|T9|T2G	R	7	0.546	-0.792	14.3	0	57.1	
NASDAQ	Z5	T9|T2G|T2G	SEQ_BASELINE	65	2.589	1.646	27.7	41.5	56.9	T9|T2G|T2G
NASDAQ	Z5	T9|T2G|T2G	A	7	4.574	0.728	28.6	42.9	57.1	
NASDAQ	Z5	T9|T2G|T2G	B	33	2.589	1.292	30.3	39.4	57.6	
NASDAQ	Z5	T9|T2G|T2G	R	17	2.119	2.275	17.6	41.2	58.8	
NASDAQ	Z5	T2G|Z3|T1	SEQ_BASELINE	44	2.583	2.166	27.3	31.8	52.3	T2G|Z3|T1
NASDAQ	Z5	T2G|Z3|T1	B	5	3.228	0.218	20	20	60	
NASDAQ	Z5	T2G|Z3|T1	B+	11	-5.44	-4.089	54.5	18.2	27.3	
NASDAQ	Z5	T2G|Z3|T1	R	26	3.115	4.103	19.2	38.5	57.7	
NASDAQ	Z5	Z2|Z2G|T1	SEQ_BASELINE	59	2.412	-0.358	28.8	35.6	54.2	Z2|Z2G|T1
NASDAQ	Z5	Z2|Z2G|T1	B	35	3.374	0.964	31.4	37.1	60	
NASDAQ	Z5	Z2|Z2G|T1	R	20	-0.689	-3.956	30	25	40	
NASDAQ	Z5	Z2|Z2G|T4	SEQ_BASELINE	48	2.393	1.701	25	41.7	58.3	Z2|Z2G|T4
NASDAQ	Z5	Z2|Z2G|T4	B	27	0.583	1.116	25.9	40.7	55.6	
NASDAQ	Z5	Z2|Z2G|T4	R	15	2.606	1.892	33.3	46.7	60	
NASDAQ	Z5	T1|T2G|T2G	SEQ_BASELINE	60	2.344	7.746	28.3	30	56.7	T1|T2G|T2G
NASDAQ	Z5	T1|T2G|T2G	B	41	3.209	13.134	26.8	36.6	61	
NASDAQ	Z5	T1|T2G|T2G	R	14	-0.6	-5.671	35.7	14.3	42.9	
NASDAQ	Z6	ALL	BASELINE	15563	0.289	0.841	20.4	23.3	55.6	
NASDAQ	Z6	Z1G|Z2G|Z2G	SEQ_BASELINE	50	5.778	3.68	20	52	70	Z1G|Z2G|Z2G
NASDAQ	Z6	Z1G|Z2G|Z2G	B	28	6.78	3.984	17.9	57.1	78.6	
NASDAQ	Z6	Z1G|Z2G|Z2G	R	16	1.715	-0.035	31.2	43.8	56.2	
NASDAQ	Z6	Z1|Z2G|Z2G	SEQ_BASELINE	48	5.636	5.896	10.4	52.1	72.9	Z1|Z2G|Z2G
NASDAQ	Z6	Z1|Z2G|Z2G	B	34	5.912	8.168	8.8	55.9	76.5	
NASDAQ	Z6	Z1|Z2G|Z2G	R	7	0.083	-5.081	28.6	42.9	57.1	
NASDAQ	Z6	T4|Z9|Z2G	SEQ_BASELINE	45	4.499	1.744	17.8	42.2	68.9	T4|Z9|Z2G
NASDAQ	Z6	T4|Z9|Z2G	B	12	4.068	1.603	25	33.3	75	
NASDAQ	Z6	T4|Z9|Z2G	B+	12	3.233	4.772	16.7	33.3	66.7	
NASDAQ	Z6	T4|Z9|Z2G	R	18	5.708	3.904	5.6	55.6	72.2	
NASDAQ	Z6	Z2|Z2|Z2G	SEQ_BASELINE	68	3.288	7.182	22.1	39.7	64.7	Z2|Z2|Z2G
NASDAQ	Z6	Z2|Z2|Z2G	A	16	3.851	4.303	12.5	43.8	81.2	
NASDAQ	Z6	Z2|Z2|Z2G	B	20	0.715	-1.208	25	25	55	
NASDAQ	Z6	Z2|Z2|Z2G	R	26	3.201	15.288	26.9	46.2	61.5	
NASDAQ	Z6	Z2G|Z2|Z2	SEQ_BASELINE	41	2.589	4.092	12.2	31.7	61	Z2G|Z2|Z2
NASDAQ	Z6	Z2G|Z2|Z2	B	6	2.316	1.992	16.7	50	50	
NASDAQ	Z6	Z2G|Z2|Z2	R	30	2.334	4.748	13.3	30	60	
NASDAQ	Z6	Z4|Z2G|Z2G	SEQ_BASELINE	49	2.527	0.751	30.6	40.8	55.1	Z4|Z2G|Z2G
NASDAQ	Z6	Z4|Z2G|Z2G	B	31	4.261	2.832	25.8	48.4	58.1	
NASDAQ	Z6	Z4|Z2G|Z2G	R	14	2.726	-1.09	28.6	28.6	57.1	
NASDAQ	Z6	T2G|T2G|Z9	SEQ_BASELINE	68	2.499	1.888	14.7	25	63.2	T2G|T2G|Z9
NASDAQ	Z6	T2G|T2G|Z9	B	30	3.053	5.042	6.7	33.3	73.3	
NASDAQ	Z6	T2G|T2G|Z9	R	26	1.069	-0.306	19.2	11.5	57.7	
NASDAQ	Z6	Z5|Z2G|Z2G	SEQ_BASELINE	46	1.822	3.609	19.6	30.4	65.2	Z5|Z2G|Z2G
NASDAQ	Z6	Z5|Z2G|Z2G	B	28	2.872	7.293	14.3	39.3	71.4	
NASDAQ	Z6	Z5|Z2G|Z2G	B+	6	-0.711	-6.85	33.3	0	50	
NASDAQ	Z6	Z5|Z2G|Z2G	R	9	0.22	-0.643	22.2	22.2	55.6	
NASDAQ	Z6	T2|T2|Z9	SEQ_BASELINE	51	1.721	1.275	19.6	27.5	58.8	T2|T2|Z9
NASDAQ	Z6	T2|T2|Z9	A	13	4.845	6.313	7.7	46.2	76.9	
NASDAQ	Z6	T2|T2|Z9	B	12	0.39	-0.745	16.7	8.3	50	
NASDAQ	Z6	T2|T2|Z9	R	15	-1.751	-1.129	20	20	46.7	
NASDAQ	Z6	Z9|Z2G|Z2G	SEQ_BASELINE	49	1.579	6.897	16.3	40.8	61.2	Z9|Z2G|Z2G
NASDAQ	Z6	Z9|Z2G|Z2G	B	25	3.629	3.979	20	48	64	
NASDAQ	Z6	Z9|Z2G|Z2G	B+	5	1.579	2.457	0	20	60	
NASDAQ	Z6	Z9|Z2G|Z2G	R	16	-0.633	11.688	18.8	31.2	50	
NASDAQ	Z7	ALL	BASELINE	18848	0.2	0.47	10.7	11.3	61	
NASDAQ	Z7	Z7|T4|Z5	SEQ_BASELINE	47	0.495	1.316	2.1	6.4	89.4	Z7|T4|Z5
NASDAQ	Z7	Z7|T4|Z5	A	21	0.589	1.554	4.8	9.5	81	
NASDAQ	Z7	Z7|T4|Z5	B	5	0.481	0.71	0	0	100	
NASDAQ	Z7	Z7|T4|Z5	R	21	0.438	1.222	0	4.8	95.2	
NASDAQ	Z7	Z7|Z7|T5	SEQ_BASELINE	75	0.4	0.737	4	6.7	72	Z7|Z7|T5
NASDAQ	Z7	Z7|Z7|T5	B	72	0.398	0.763	4.2	6.9	72.2	
NASDAQ	Z7	Z2G|Z7|Z7	SEQ_BASELINE	59	0.39	0.183	1.7	1.7	74.6	Z2G|Z7|Z7
NASDAQ	Z7	Z2G|Z7|Z7	A	8	0.552	-0.053	0	0	87.5	
NASDAQ	Z7	Z2G|Z7|Z7	B	49	0.3	0.298	2	2	73.5	
NASDAQ	Z7	Z7|T1G|Z7	SEQ_BASELINE	165	0.303	1.12	1.8	6.7	79.4	Z7|T1G|Z7
NASDAQ	Z7	Z7|T1G|Z7	A	8	0.248	0.269	0	0	87.5	
NASDAQ	Z7	Z7|T1G|Z7	B	113	0.301	1.482	0.9	8	80.5	
NASDAQ	Z7	Z7|T1G|Z7	B+	30	0.391	0.589	0	3.3	80	
NASDAQ	Z7	Z7|T1G|Z7	R	8	0.295	0.502	12.5	12.5	62.5	
NASDAQ	Z7	T1G|Z7|Z7	SEQ_BASELINE	100	0.302	0.807	1	5	82	T1G|Z7|Z7
NASDAQ	Z7	T1G|Z7|Z7	B	93	0.303	0.839	1.1	5.4	82.8	
NASDAQ	Z7	Z7|T5|Z7	SEQ_BASELINE	87	0.301	0.641	2.3	4.6	67.8	Z7|T5|Z7
NASDAQ	Z7	Z7|T5|Z7	B	57	0.34	0.715	3.5	5.3	70.2	
NASDAQ	Z7	Z7|T5|Z7	B+	19	0.19	0.724	0	5.3	68.4	
NASDAQ	Z7	Z7|T5|Z7	R	10	0.003	0.087	0	0	50	
NASDAQ	Z7	Z7|Z7|T1G	SEQ_BASELINE	165	0.298	0.638	1.2	5.5	72.7	Z7|Z7|T1G
NASDAQ	Z7	Z7|Z7|T1G	B	148	0.298	0.99	0.7	6.1	73.6	
NASDAQ	Z7	Z7|Z7|T1G	R	15	0.196	-2.852	6.7	0	60	
NASDAQ	Z7	Z7|Z6|T1	SEQ_BASELINE	40	0.297	-0.578	5	2.5	77.5	Z7|Z6|T1
NASDAQ	Z7	Z7|Z6|T1	B	17	0.198	-1.822	5.9	0	70.6	
NASDAQ	Z7	Z7|Z6|T1	B+	8	0.33	1.012	0	12.5	62.5	
NASDAQ	Z7	Z7|Z6|T1	R	14	0.345	-0.054	7.1	0	92.9	
NASDAQ	Z7	Z7|Z7|Z2G	SEQ_BASELINE	106	0.297	0.539	3.8	4.7	68.9	Z7|Z7|Z2G
NASDAQ	Z7	Z7|Z7|Z2G	A	7	0.584	-0.078	14.3	0	85.7	
NASDAQ	Z7	Z7|Z7|Z2G	B	96	0.295	0.603	3.1	5.2	67.7	
NASDAQ	Z7	Z7|Z6|T9	SEQ_BASELINE	46	0.294	1.911	0	10.9	65.2	Z7|Z6|T9
NASDAQ	Z7	Z7|Z6|T9	B	7	0	-0.061	0	0	42.9	
NASDAQ	Z7	Z7|Z6|T9	B+	12	0.641	1.137	0	8.3	83.3	
NASDAQ	Z7	Z7|Z6|T9	R	26	0.2	2.89	0	15.4	65.4	
NASDAQ	Z9	ALL	BASELINE	24805	0.299	0.597	23.9	26.9	52.2	
NASDAQ	Z9	T5|Z4|T3	SEQ_BASELINE	58	7.457	9.386	10.3	56.9	81	T5|Z4|T3
NASDAQ	Z9	T5|Z4|T3	A	13	7.216	5.764	15.4	61.5	76.9	
NASDAQ	Z9	T5|Z4|T3	B	23	6.489	12.802	4.3	52.2	82.6	
NASDAQ	Z9	T5|Z4|T3	B+	19	9.139	12.001	10.5	68.4	84.2	
NASDAQ	Z9	T6|Z3|T4	SEQ_BASELINE	68	6.866	5.335	8.8	61.8	77.9	T6|Z3|T4
NASDAQ	Z9	T6|Z3|T4	B	6	7.17	5.985	0	66.7	83.3	
NASDAQ	Z9	T6|Z3|T4	B+	21	2.686	0.948	19	38.1	76.2	
NASDAQ	Z9	T6|Z3|T4	R	41	8.026	7.486	4.9	73.2	78	
NASDAQ	Z9	T5|Z3|T4	SEQ_BASELINE	94	6.609	8.333	3.2	61.7	88.3	T5|Z3|T4
NASDAQ	Z9	T5|Z3|T4	B	11	7.075	6.568	0	72.7	81.8	
NASDAQ	Z9	T5|Z3|T4	B+	17	3.988	9.028	0	47.1	100	
NASDAQ	Z9	T5|Z3|T4	R	62	6.832	8.623	4.8	64.5	87.1	
NASDAQ	Z9	T3|Z3|T4	SEQ_BASELINE	101	5.981	6.445	10.9	55.4	78.2	T3|Z3|T4
NASDAQ	Z9	T3|Z3|T4	B	7	4.003	3.644	42.9	42.9	57.1	
NASDAQ	Z9	T3|Z3|T4	B+	27	3.947	4.328	7.4	40.7	70.4	
NASDAQ	Z9	T3|Z3|T4	R	67	7.499	7.591	9	62.7	83.6	
NASDAQ	Z9	T5|Z5|T4	SEQ_BASELINE	44	5.597	2.302	13.6	52.3	72.7	T5|Z5|T4
NASDAQ	Z9	T5|Z5|T4	B+	11	6.694	9.609	0	63.6	90.9	
NASDAQ	Z9	T5|Z5|T4	R	27	5.617	0.456	18.5	51.9	70.4	
NASDAQ	Z9	T5|Z4|T4	SEQ_BASELINE	103	5.236	4.713	12.6	50.5	72.8	T5|Z4|T4
NASDAQ	Z9	T5|Z4|T4	A	6	3.443	5.368	16.7	50	66.7	
NASDAQ	Z9	T5|Z4|T4	B	22	4.713	6.434	9.1	45.5	68.2	
NASDAQ	Z9	T5|Z4|T4	B+	6	5.329	3.33	16.7	50	66.7	
NASDAQ	Z9	T5|Z4|T4	R	69	5.978	4.228	13	52.2	75.4	
NASDAQ	Z9	T4|Z3|T1	SEQ_BASELINE	53	5.111	5.681	13.2	50.9	69.8	T4|Z3|T1
NASDAQ	Z9	T4|Z3|T1	B	8	5.239	5.039	12.5	62.5	75	
NASDAQ	Z9	T4|Z3|T1	B+	16	1.78	2.066	18.8	31.2	62.5	
NASDAQ	Z9	T4|Z3|T1	R	26	8.879	9.115	7.7	65.4	73.1	
NASDAQ	Z9	T4|Z3|T4	SEQ_BASELINE	86	4.562	6.09	9.3	46.5	74.4	T4|Z3|T4
NASDAQ	Z9	T4|Z3|T4	B+	24	3.789	4.423	8.3	37.5	75	
NASDAQ	Z9	T4|Z3|T4	R	54	6.066	7.256	9.3	53.7	77.8	
NASDAQ	Z9	Z5|T4|T2G	SEQ_BASELINE	51	3.888	3.336	11.8	45.1	64.7	Z5|T4|T2G
NASDAQ	Z9	Z5|T4|T2G	A	22	3.827	3.298	18.2	45.5	59.1	
NASDAQ	Z9	Z5|T4|T2G	B	20	3.334	3.794	5	40	70	
NASDAQ	Z9	Z5|T4|T2G	R	7	5.223	2.712	14.3	57.1	71.4	
NASDAQ	Z9	Z2G|Z6|T4	SEQ_BASELINE	66	3.712	4.071	15.2	43.9	63.6	Z2G|Z6|T4
NASDAQ	Z9	Z2G|Z6|T4	B	20	4.389	6.81	5	45	70	
NASDAQ	Z9	Z2G|Z6|T4	R	38	3.588	3.57	18.4	44.7	63.2	
NASDAQ	Z10	ALL	BASELINE	11719	0.124	0.678	23.5	24.7	51.4	
NASDAQ	Z10	Z2|Z2G|Z2G	SEQ_BASELINE	74	2.328	2.989	21.6	31.1	63.5	Z2|Z2G|Z2G
NASDAQ	Z10	Z2|Z2G|Z2G	B	48	1.94	4.067	27.1	29.2	60.4	
NASDAQ	Z10	Z2|Z2G|Z2G	B+	5	3.697	1.363	0	20	60	
NASDAQ	Z10	Z2|Z2G|Z2G	R	5	1.959	0.156	20	20	80	
NASDAQ	Z10	Z2G|Z2|Z2G	SEQ_BASELINE	47	2.275	1.605	25.5	31.9	68.1	Z2G|Z2|Z2G
NASDAQ	Z10	Z2G|Z2|Z2G	A	16	1.468	2.829	25	18.8	75	
NASDAQ	Z10	Z2G|Z2|Z2G	B	20	4.646	3.359	15	45	80	
NASDAQ	Z10	Z2G|Z2|Z2G	R	5	-8.408	-7.531	60	20	40	
NASDAQ	Z10	T2G|T2|Z1	SEQ_BASELINE	40	2.244	4.766	20	35	57.5	T2G|T2|Z1
NASDAQ	Z10	T2G|T2|Z1	A	6	2.839	13.723	0	33.3	66.7	
NASDAQ	Z10	T2G|T2|Z1	B	22	2.357	1.535	22.7	31.8	63.6	
NASDAQ	Z10	Z3|Z2G|Z2G	SEQ_BASELINE	46	1.956	2.526	26.1	41.3	56.5	Z3|Z2G|Z2G
NASDAQ	Z10	Z3|Z2G|Z2G	B	28	3.12	1	32.1	42.9	53.6	
NASDAQ	Z10	Z3|Z2G|Z2G	B+	6	3.38	5.922	16.7	50	83.3	
NASDAQ	Z10	Z3|Z2G|Z2G	R	6	-1.254	-1.211	16.7	0	33.3	
NASDAQ	Z10	Z2|Z2|Z2G	SEQ_BASELINE	58	1.842	2.253	25.9	36.2	56.9	Z2|Z2|Z2G
NASDAQ	Z10	Z2|Z2|Z2G	A	12	3.334	6.042	25	41.7	58.3	
NASDAQ	Z10	Z2|Z2|Z2G	B	32	2.253	2.495	18.8	40.6	65.6	
NASDAQ	Z10	Z2|Z10|Z6	SEQ_BASELINE	42	1.378	4.051	21.4	35.7	64.3	Z2|Z10|Z6
NASDAQ	Z10	Z2|Z10|Z6	A	10	2.876	4.606	10	40	80	
NASDAQ	Z10	Z2|Z10|Z6	B	17	1.523	3.423	17.6	35.3	70.6	
NASDAQ	Z10	Z2|Z10|Z6	R	5	-5.361	10.747	60	40	40	
NASDAQ	Z10	T9|Z4|Z2	SEQ_BASELINE	65	0.975	0.753	20	21.5	58.5	T9|Z4|Z2
NASDAQ	Z10	T9|Z4|Z2	A	12	-1.52	-9.687	33.3	25	41.7	
NASDAQ	Z10	T9|Z4|Z2	B	16	1.99	2.259	25	31.2	68.8	
NASDAQ	Z10	T9|Z4|Z2	B+	9	-0.26	4.33	11.1	11.1	44.4	
NASDAQ	Z10	T9|Z4|Z2	R	28	0.962	3.218	14.3	17.9	64.3	
NASDAQ	Z10	Z4|Z2G|Z2G	SEQ_BASELINE	53	0.911	1.034	28.3	34	58.5	Z4|Z2G|Z2G
NASDAQ	Z10	Z4|Z2G|Z2G	B	41	0.781	1.028	26.8	36.6	56.1	
NASDAQ	Z10	Z2G|Z2|Z2	SEQ_BASELINE	85	0.57	4.896	25.9	30.6	52.9	Z2G|Z2|Z2
NASDAQ	Z10	Z2G|Z2|Z2	A	21	2.573	0.818	23.8	33.3	57.1	
NASDAQ	Z10	Z2G|Z2|Z2	B	19	2.445	7.402	21.1	42.1	63.2	
NASDAQ	Z10	Z2G|Z2|Z2	R	39	-0.824	0.021	30.8	23.1	43.6	
NASDAQ	Z10	Z2|T9|Z4	SEQ_BASELINE	43	0.561	-0.017	30.2	27.9	53.5	Z2|T9|Z4
NASDAQ	Z10	Z2|T9|Z4	A	8	4.043	3.54	12.5	50	75	
NASDAQ	Z10	Z2|T9|Z4	B	9	1.742	3.379	22.2	33.3	77.8	
NASDAQ	Z10	Z2|T9|Z4	R	10	-3.172	-1.254	40	20	40	
NASDAQ	Z11	ALL	BASELINE	10796	0.194	0.626	22	23.6	52.6	
NASDAQ	Z11	T4|Z9|Z2G	SEQ_BASELINE	69	3.772	9.281	17.4	43.5	65.2	T4|Z9|Z2G
NASDAQ	Z11	T4|Z9|Z2G	A	10	4.22	4.491	20	50	60	
NASDAQ	Z11	T4|Z9|Z2G	B	22	0.271	18.483	27.3	27.3	50	
NASDAQ	Z11	T4|Z9|Z2G	B+	15	0.667	1.092	13.3	26.7	60	
NASDAQ	Z11	T4|Z9|Z2G	R	22	7.354	7.841	9.1	68.2	86.4	
NASDAQ	Z11	Z2G|T4|Z9	SEQ_BASELINE	54	2.85	1.891	14.8	27.8	72.2	Z2G|T4|Z9
NASDAQ	Z11	Z2G|T4|Z9	A	17	-0.789	-0.437	29.4	17.6	41.2	
NASDAQ	Z11	Z2G|T4|Z9	B	23	2.197	1.506	13	13	82.6	
NASDAQ	Z11	Z2G|T4|Z9	B+	9	5.868	6.535	0	88.9	100	
NASDAQ	Z11	Z2G|Z2|Z2G	SEQ_BASELINE	45	0.995	-1.86	31.1	24.4	55.6	Z2G|Z2|Z2G
NASDAQ	Z11	Z2G|Z2|Z2G	A	15	0.079	-4.775	33.3	20	53.3	
NASDAQ	Z11	Z2G|Z2|Z2G	B	17	1.469	6.135	11.8	29.4	76.5	
NASDAQ	Z11	Z2G|Z2|Z2G	R	6	-5.009	-4.461	50	16.7	16.7	
NASDAQ	Z11	T2G|T2G|Z9	SEQ_BASELINE	50	0.85	1.644	20	24	58	T2G|T2G|Z9
NASDAQ	Z11	T2G|T2G|Z9	B	38	0.274	1.933	18.4	26.3	52.6	
NASDAQ	Z11	T2G|T2G|Z9	R	12	2.538	0.729	25	16.7	75	
NASDAQ	Z11	Z7|T4|Z7	SEQ_BASELINE	44	0.293	0.486	0	2.3	72.7	Z7|T4|Z7
NASDAQ	Z11	Z7|T4|Z7	A	21	0.292	0.381	0	0	61.9	
NASDAQ	Z11	Z7|T4|Z7	B	15	0.294	0.523	0	6.7	80	
NASDAQ	Z11	Z7|T4|Z7	R	7	0.332	0.784	0	0	85.7	
NASDAQ	Z11	Z7|Z7|Z7	SEQ_BASELINE	124	0.268	0.182	1.6	0.8	70.2	Z7|Z7|Z7
NASDAQ	Z11	Z7|Z7|Z7	A	7	0.1	-0.902	14.3	0	57.1	
NASDAQ	Z11	Z7|Z7|Z7	B	112	0.268	0.239	0.9	0.9	71.4	
NASDAQ	Z11	Z2G|Z2G|Z2	SEQ_BASELINE	45	-0.164	-0.072	26.7	31.1	48.9	Z2G|Z2G|Z2
NASDAQ	Z11	Z2G|Z2G|Z2	B	10	-2.624	-1.883	30	30	30	
NASDAQ	Z11	Z2G|Z2G|Z2	R	29	-0.678	-1.75	31	27.6	44.8	
NASDAQ	Z11	T2G|T2G|Z3	SEQ_BASELINE	49	-0.56	0.686	26.5	26.5	46.9	T2G|T2G|Z3
NASDAQ	Z11	T2G|T2G|Z3	B	37	-0.91	0.723	29.7	27	43.2	
NASDAQ	Z11	T2G|T2G|Z3	R	7	-3.744	-2.624	14.3	14.3	42.9	
NASDAQ	Z11	Z2|Z2|Z2G	SEQ_BASELINE	57	-0.644	1.611	33.3	24.6	40.4	Z2|Z2|Z2G
NASDAQ	Z11	Z2|Z2|Z2G	A	14	0.686	4.278	14.3	28.6	57.1	
NASDAQ	Z11	Z2|Z2|Z2G	B	21	-2.858	-2.03	38.1	23.8	33.3	
NASDAQ	Z11	Z2|Z2|Z2G	R	12	-5.639	9.643	50	16.7	33.3	
NASDAQ	Z11	Z2|Z2G|Z2G	SEQ_BASELINE	49	-1.024	-3.285	28.6	24.5	42.9	Z2|Z2G|Z2G
NASDAQ	Z11	Z2|Z2G|Z2G	B	31	-0.791	-3.353	32.3	25.8	48.4	
NASDAQ	Z11	Z2|Z2G|Z2G	R	5	-3.53	-6.907	40	0	20	
NASDAQ	Z12	ALL	BASELINE	1306	0.098	-0.19	23.6	21.5	50.9	
NASDAQ	Z12	T3|T2G|T2G	SEQ_BASELINE	5	4.748	2.219	40		60	T3|T2G|T2G
NASDAQ	Z12	T3|T2G|T2G	R	5	4.748	2.219	40		60	
NASDAQ	Z12	T3|T2|T2G	SEQ_BASELINE	6	4.26	10.876	0		100	T3|T2|T2G
NASDAQ	Z12	T3|T2|T2G	A	3	2.276	16.879	0		100	
NASDAQ	Z12	T3|T2|T2G	B	2	4.26	4.26	0		100	
NASDAQ	Z12	T2|T2G|T6	SEQ_BASELINE	5	3.49	9.753	0		60	T2|T2G|T6
NASDAQ	Z12	T2|T2G|T6	B	3	-0.486	5.73	0		33.3	
NASDAQ	Z12	T2|T2G|T6	R	2	15.788	15.788	0		100	
NASDAQ	Z12	Z2G|Z2|T3	SEQ_BASELINE	5	1.94	-23.469	40		60	Z2G|Z2|T3
NASDAQ	Z12	Z2G|Z2|T3	R	3	1.94	-20.766	33.3		66.7	
NASDAQ	Z12	T2|T2|T2	SEQ_BASELINE	7	1.333	2.954	0		57.1	T2|T2|T2
NASDAQ	Z12	T2|T2|T2	B	3	-1.856	-1.554	0		0	
NASDAQ	Z12	T2|T2|T2	R	2	3.89	3.89	0		100	
NASDAQ	Z12	Z7|Z2G|T1G	SEQ_BASELINE	5	1.332	6.559	0		100	Z7|Z2G|T1G
NASDAQ	Z12	Z7|Z2G|T1G	B	2	13.575	13.575	0		100	
NASDAQ	Z12	Z7|Z2G|T1G	R	2	2.745	2.745	0		100	
NASDAQ	Z12	T2G|Z3|T5	SEQ_BASELINE	5	1.216	-4.409	20		60	T2G|Z3|T5
NASDAQ	Z12	T2G|Z3|T5	B+	3	2.825	2.866	0		100	
NASDAQ	Z12	Z4|T9|T2G	SEQ_BASELINE	8	0.828	0.962	12.5		50	Z4|T9|T2G
NASDAQ	Z12	Z4|T9|T2G	A	2	3.917	3.917	0		50	
NASDAQ	Z12	Z4|T9|T2G	B	3	5.4	0.328	33.3		66.7	
NASDAQ	Z12	Z4|T9|T2G	R	3	-1.73	-0.374	0		33.3	
SP500	Z12	T2G|T10|T2G	SEQ_BASELINE	3	4.049	4.313	0		100	T2G|T10|T2G
SP500	Z12	T2G|T10|T2G	R	3	4.049	4.313	0		33.3	
SP500	Z12	T3|T2G|T2G	SEQ_BASELINE	3	3.641	-0.321	33.3		66.7	T3|T2G|T2G
SP500	Z12	T3|T2G|T2G	R	3	3.641	-0.321	33.3		66.7	
SP500	Z12	T2G|T2|T2G	SEQ_BASELINE	3	1.777	2.505	0		66.7	T2G|T2|T2G
SP500	Z12	T2G|T2|T2G	R	3	1.777	2.505	0		66.7	
SP500	Z12	Z4|Z2|T9	SEQ_BASELINE	3	-0.71	2.847	0		33.3	Z4|Z2|T9
SP500	Z12	Z4|Z2|T9	R	3	-0.71	2.847	0		33.3	
